Currency,Date,Open,High,Low,Close,Volume,Market Cap
ripple,"Apr 24, 2019",0.321114,0.321282,0.296982,0.302318,"1,517,791,002","12,698,877,293"
ripple,"Apr 23, 2019",0.323844,0.328396,0.320919,0.321222,"1,077,333,990","13,492,933,875"
ripple,"Apr 22, 2019",0.322277,0.329350,0.320237,0.323934,"1,131,094,080","13,606,823,301"
ripple,"Apr 21, 2019",0.328678,0.329627,0.318746,0.322449,"1,005,803,846","13,533,407,430"
ripple,"Apr 20, 2019",0.331871,0.333213,0.324969,0.328476,"931,570,799","13,786,384,592"
ripple,"Apr 19, 2019",0.337062,0.337147,0.329577,0.331902,"1,025,167,554","13,930,181,415"
ripple,"Apr 18, 2019",0.335476,0.345289,0.335335,0.337065,"1,092,731,769","14,146,855,828"
ripple,"Apr 17, 2019",0.327157,0.340327,0.322388,0.335453,"1,137,811,633","14,079,207,980"
ripple,"Apr 16, 2019",0.320998,0.327308,0.319261,0.327218,"799,796,781","13,733,570,917"
ripple,"Apr 15, 2019",0.328841,0.331551,0.318090,0.320913,"934,107,164","13,468,978,197"
ripple,"Apr 14, 2019",0.326160,0.329421,0.324244,0.328809,"746,765,729","13,741,639,599"
ripple,"Apr 13, 2019",0.326386,0.334444,0.323714,0.326031,"976,688,780","13,625,508,289"
ripple,"Apr 12, 2019",0.330664,0.330868,0.321167,0.326346,"1,076,074,031","13,638,700,669"
ripple,"Apr 11, 2019",0.354828,0.354851,0.326826,0.330984,"1,641,951,210","13,832,528,015"
ripple,"Apr 10, 2019",0.349425,0.359778,0.348709,0.354792,"1,213,341,089","14,827,516,669"
ripple,"Apr 09, 2019",0.358307,0.358307,0.348536,0.349462,"1,076,688,924","14,604,743,889"
ripple,"Apr 08, 2019",0.361143,0.367036,0.351588,0.358234,"1,513,421,926","14,971,342,083"
ripple,"Apr 07, 2019",0.354406,0.365387,0.351689,0.359856,"1,398,086,395","15,021,731,305"
ripple,"Apr 06, 2019",0.361837,0.363441,0.351168,0.354405,"1,440,643,534","14,794,185,026"
ripple,"Apr 05, 2019",0.332685,0.374064,0.332630,0.361803,"2,359,353,481","15,103,004,666"
ripple,"Apr 04, 2019",0.342286,0.348977,0.329070,0.332513,"1,599,115,419","13,880,340,560"
ripple,"Apr 03, 2019",0.351309,0.371270,0.333735,0.342234,"2,544,122,431","14,286,134,859"
ripple,"Apr 02, 2019",0.312805,0.355870,0.312001,0.351499,"2,400,198,268","14,672,900,148"
ripple,"Apr 01, 2019",0.309195,0.313777,0.308910,0.312747,"836,123,225","13,043,585,711"
ripple,"Mar 31, 2019",0.310730,0.311171,0.308150,0.309229,"652,757,652","12,896,872,922"
ripple,"Mar 30, 2019",0.307655,0.326784,0.306873,0.310632,"929,122,633","12,955,391,175"
ripple,"Mar 29, 2019",0.309269,0.311644,0.306235,0.307929,"854,583,316","12,842,645,325"
ripple,"Mar 28, 2019",0.312383,0.312452,0.307085,0.309246,"677,929,379","12,897,607,540"
ripple,"Mar 27, 2019",0.305421,0.312615,0.304067,0.312465,"781,951,318","13,031,827,698"
ripple,"Mar 26, 2019",0.303808,0.305060,0.298987,0.305060,"761,000,017","12,722,986,423"
ripple,"Mar 25, 2019",0.309446,0.309736,0.301453,0.304055,"750,245,385","12,681,109,120"
ripple,"Mar 24, 2019",0.312396,0.312453,0.308168,0.308992,"649,754,894","12,874,448,652"
ripple,"Mar 23, 2019",0.311343,0.313666,0.310130,0.312359,"611,853,725","13,014,768,156"
ripple,"Mar 22, 2019",0.311342,0.315092,0.310141,0.311541,"687,711,343","12,980,675,768"
ripple,"Mar 21, 2019",0.319960,0.320850,0.309338,0.312718,"824,129,023","13,029,696,678"
ripple,"Mar 20, 2019",0.319346,0.320777,0.314781,0.319610,"794,566,633","13,316,885,397"
ripple,"Mar 19, 2019",0.316756,0.320595,0.315351,0.319281,"672,954,616","13,228,510,122"
ripple,"Mar 18, 2019",0.317716,0.320667,0.314653,0.317440,"692,176,696","13,152,224,850"
ripple,"Mar 17, 2019",0.320387,0.320739,0.316497,0.317612,"530,234,054","13,159,356,178"
ripple,"Mar 16, 2019",0.315066,0.322413,0.314838,0.320468,"759,396,360","13,277,693,053"
ripple,"Mar 15, 2019",0.312733,0.316065,0.311575,0.315052,"636,037,517","13,053,269,086"
ripple,"Mar 14, 2019",0.313870,0.316362,0.311307,0.312955,"706,966,032","12,966,405,951"
ripple,"Mar 13, 2019",0.310611,0.320114,0.308660,0.314098,"827,163,024","13,013,743,791"
ripple,"Mar 12, 2019",0.311138,0.311773,0.307536,0.310201,"581,106,367","12,852,289,140"
ripple,"Mar 11, 2019",0.313175,0.314576,0.309417,0.311065,"671,951,311","12,888,076,063"
ripple,"Mar 10, 2019",0.314266,0.315795,0.311095,0.313107,"620,043,949","12,972,692,491"
ripple,"Mar 09, 2019",0.309751,0.317748,0.309367,0.313826,"763,946,051","13,002,493,406"
ripple,"Mar 08, 2019",0.315044,0.316385,0.308828,0.310087,"680,461,375","12,847,588,532"
ripple,"Mar 07, 2019",0.317192,0.319898,0.314548,0.314766,"716,447,226","13,041,438,381"
ripple,"Mar 06, 2019",0.316674,0.320833,0.311987,0.317031,"750,399,371","13,135,275,499"
ripple,"Mar 05, 2019",0.305095,0.317879,0.304082,0.316507,"786,832,982","13,113,543,971"
ripple,"Mar 04, 2019",0.312021,0.313120,0.302677,0.305133,"647,905,632","12,642,316,836"
ripple,"Mar 03, 2019",0.314857,0.316500,0.310925,0.312554,"548,503,372","12,949,767,221"
ripple,"Mar 02, 2019",0.316911,0.319301,0.312747,0.315126,"604,560,086","13,056,329,959"
ripple,"Mar 01, 2019",0.315066,0.323946,0.313620,0.317312,"752,723,591","13,146,898,194"
ripple,"Feb 28, 2019",0.313115,0.317004,0.311435,0.315078,"734,041,245","13,033,383,006"
ripple,"Feb 27, 2019",0.319677,0.322419,0.308662,0.313106,"716,326,029","12,951,843,120"
ripple,"Feb 26, 2019",0.327779,0.334310,0.316865,0.319477,"881,257,178","13,215,356,893"
ripple,"Feb 25, 2019",0.300708,0.337855,0.300708,0.328510,"1,060,838,440","13,589,015,145"
ripple,"Feb 24, 2019",0.332942,0.341581,0.299331,0.301443,"1,117,884,486","12,469,397,085"
ripple,"Feb 23, 2019",0.321314,0.333893,0.318241,0.332620,"638,747,256","13,759,017,838"
ripple,"Feb 22, 2019",0.321449,0.323440,0.318165,0.321904,"570,898,964","13,315,770,282"
ripple,"Feb 21, 2019",0.332869,0.332869,0.319201,0.321291,"634,536,385","13,272,215,549"
ripple,"Feb 20, 2019",0.323572,0.333607,0.320995,0.332880,"777,173,685","13,750,925,866"
ripple,"Feb 19, 2019",0.321427,0.343676,0.320942,0.323768,"1,135,384,190","13,374,527,524"
ripple,"Feb 18, 2019",0.303084,0.327739,0.302557,0.321568,"887,187,377","13,251,207,947"
ripple,"Feb 17, 2019",0.301571,0.304934,0.299235,0.303370,"427,237,164","12,501,307,769"
ripple,"Feb 16, 2019",0.301602,0.303516,0.300731,0.301703,"379,011,431","12,432,602,528"
ripple,"Feb 15, 2019",0.302129,0.304614,0.299583,0.301759,"426,310,729","12,434,893,660"
ripple,"Feb 14, 2019",0.304017,0.306100,0.301514,0.301909,"418,928,960","12,441,105,391"
ripple,"Feb 13, 2019",0.305429,0.311322,0.302188,0.304284,"494,653,115","12,538,960,413"
ripple,"Feb 12, 2019",0.302569,0.307477,0.299579,0.305190,"472,806,810","12,576,315,747"
ripple,"Feb 11, 2019",0.310034,0.310034,0.302741,0.302741,"474,495,062","12,475,397,374"
ripple,"Feb 10, 2019",0.311253,0.311340,0.302092,0.309909,"495,640,831","12,758,715,490"
ripple,"Feb 09, 2019",0.311578,0.313414,0.307560,0.311284,"461,638,795","12,815,309,888"
ripple,"Feb 08, 2019",0.291668,0.315308,0.290119,0.311683,"683,014,535","12,831,745,667"
ripple,"Feb 07, 2019",0.290691,0.294617,0.290445,0.291618,"368,034,283","12,005,682,182"
ripple,"Feb 06, 2019",0.299430,0.299491,0.290419,0.290727,"456,205,130","11,969,011,802"
ripple,"Feb 05, 2019",0.299763,0.301278,0.297210,0.299239,"424,722,760","12,319,438,868"
ripple,"Feb 04, 2019",0.302580,0.305059,0.299364,0.300198,"418,384,497","12,358,907,415"
ripple,"Feb 03, 2019",0.310429,0.311238,0.299370,0.302352,"438,357,004","12,445,862,137"
ripple,"Feb 02, 2019",0.308326,0.311578,0.305231,0.310912,"429,425,320","12,798,226,062"
ripple,"Feb 01, 2019",0.310839,0.311895,0.299399,0.308517,"564,486,615","12,699,646,520"
ripple,"Jan 31, 2019",0.320704,0.333835,0.305866,0.310036,"780,304,474","12,762,148,539"
ripple,"Jan 30, 2019",0.289425,0.324064,0.287915,0.320461,"753,787,392","13,191,291,588"
ripple,"Jan 29, 2019",0.295060,0.296216,0.285888,0.289558,"454,631,055","11,919,217,295"
ripple,"Jan 28, 2019",0.309360,0.309878,0.286563,0.294863,"584,796,818","12,137,576,987"
ripple,"Jan 27, 2019",0.314854,0.315266,0.308366,0.309439,"362,599,965","12,737,591,539"
ripple,"Jan 26, 2019",0.317260,0.319326,0.314235,0.314235,"346,413,648","12,935,008,078"
ripple,"Jan 25, 2019",0.317859,0.319069,0.313824,0.317165,"360,076,505","13,016,563,843"
ripple,"Jan 24, 2019",0.316416,0.318896,0.314433,0.317598,"344,960,253","13,034,332,606"
ripple,"Jan 23, 2019",0.319566,0.320303,0.314923,0.316492,"375,671,478","12,988,961,767"
ripple,"Jan 22, 2019",0.321078,0.321078,0.313455,0.319491,"434,125,854","13,112,032,408"
ripple,"Jan 21, 2019",0.321179,0.322593,0.317439,0.320790,"363,940,431","13,165,341,827"
ripple,"Jan 20, 2019",0.331220,0.332147,0.317609,0.321177,"407,205,881","13,181,215,054"
ripple,"Jan 19, 2019",0.325702,0.333749,0.324911,0.331001,"420,070,097","13,584,427,086"
ripple,"Jan 18, 2019",0.329196,0.329494,0.321856,0.324277,"376,280,714","13,308,451,031"
ripple,"Jan 17, 2019",0.329690,0.330162,0.325740,0.329353,"433,446,502","13,516,769,990"
ripple,"Jan 16, 2019",0.326946,0.334796,0.326174,0.329701,"438,731,638","13,531,060,365"
ripple,"Jan 15, 2019",0.333912,0.336500,0.324011,0.327179,"429,283,720","13,427,555,274"
ripple,"Jan 14, 2019",0.318354,0.337942,0.318354,0.333766,"545,540,174","13,697,899,741"
ripple,"Jan 13, 2019",0.328662,0.333596,0.317098,0.317863,"452,358,902","13,045,216,854"
ripple,"Jan 12, 2019",0.333004,0.336381,0.328033,0.328800,"376,386,863","13,494,075,804"
ripple,"Jan 11, 2019",0.331284,0.337726,0.327914,0.332904,"501,054,509","13,662,512,032"
ripple,"Jan 10, 2019",0.371464,0.381949,0.327159,0.332652,"839,535,352","13,652,158,155"
ripple,"Jan 09, 2019",0.365886,0.373522,0.364756,0.370890,"455,908,708","15,130,140,419"
ripple,"Jan 08, 2019",0.364420,0.370992,0.360734,0.365315,"499,493,490","14,902,699,115"
ripple,"Jan 07, 2019",0.368854,0.377910,0.363387,0.364347,"499,028,522","14,863,201,414"
ripple,"Jan 06, 2019",0.354750,0.369660,0.352589,0.368395,"492,558,794","15,028,369,642"
ripple,"Jan 05, 2019",0.356347,0.361069,0.353987,0.355275,"452,090,239","14,493,133,457"
ripple,"Jan 04, 2019",0.359753,0.364642,0.352785,0.356747,"450,633,876","14,553,198,221"
ripple,"Jan 03, 2019",0.374505,0.374505,0.357675,0.360224,"438,873,803","14,695,011,676"
ripple,"Jan 02, 2019",0.365675,0.378021,0.359574,0.375243,"543,216,669","15,307,691,624"
ripple,"Jan 01, 2019",0.352512,0.364771,0.350402,0.364771,"449,347,622","14,880,496,658"
ripple,"Dec 31, 2018",0.371051,0.373793,0.350787,0.352706,"501,793,515","14,388,351,240"
ripple,"Dec 30, 2018",0.365248,0.371147,0.362264,0.369581,"486,955,034","15,076,740,856"
ripple,"Dec 29, 2018",0.378346,0.383937,0.367080,0.367252,"617,892,297","14,981,716,068"
ripple,"Dec 28, 2018",0.341807,0.379416,0.339139,0.376852,"765,420,103","15,373,342,678"
ripple,"Dec 27, 2018",0.379106,0.379608,0.336282,0.341162,"575,821,047","13,917,404,309"
ripple,"Dec 26, 2018",0.379991,0.391334,0.363441,0.378693,"690,588,635","15,448,432,552"
ripple,"Dec 25, 2018",0.408439,0.408439,0.369362,0.380872,"955,306,080","15,537,325,695"
ripple,"Dec 24, 2018",0.372398,0.448477,0.372398,0.406799,"1,688,430,313","16,594,994,618"
ripple,"Dec 23, 2018",0.363045,0.381476,0.361807,0.371270,"634,162,707","15,145,652,798"
ripple,"Dec 22, 2018",0.358885,0.362968,0.349870,0.362308,"487,175,830","14,780,047,340"
ripple,"Dec 21, 2018",0.376756,0.384089,0.354035,0.358570,"724,747,471","14,627,554,926"
ripple,"Dec 20, 2018",0.347361,0.388974,0.347056,0.378199,"1,006,287,680","15,416,266,366"
ripple,"Dec 19, 2018",0.355060,0.393330,0.348201,0.351956,"1,041,279,272","14,346,541,679"
ripple,"Dec 18, 2018",0.329022,0.350162,0.325291,0.350162,"753,758,217","14,273,429,559"
ripple,"Dec 17, 2018",0.288101,0.336501,0.286942,0.328453,"639,336,585","13,388,520,904"
ripple,"Dec 16, 2018",0.285911,0.294169,0.285890,0.287929,"316,135,928","11,784,050,729"
ripple,"Dec 15, 2018",0.288699,0.291372,0.282523,0.285883,"277,696,890","11,700,328,892"
ripple,"Dec 14, 2018",0.299972,0.300150,0.285112,0.288790,"320,266,797","11,819,314,866"
ripple,"Dec 13, 2018",0.307660,0.307800,0.298118,0.300026,"303,413,883","12,279,148,093"
ripple,"Dec 12, 2018",0.300671,0.311150,0.300671,0.307323,"370,325,300","12,577,803,841"
ripple,"Dec 11, 2018",0.303100,0.310343,0.298095,0.301345,"394,872,461","12,333,147,092"
ripple,"Dec 10, 2018",0.313485,0.316210,0.300600,0.303766,"386,627,711","12,432,208,489"
ripple,"Dec 09, 2018",0.306451,0.320144,0.304666,0.313370,"430,122,747","12,825,284,624"
ripple,"Dec 08, 2018",0.302440,0.318185,0.297232,0.307269,"463,529,471","12,575,595,451"
ripple,"Dec 07, 2018",0.310837,0.311059,0.291351,0.301997,"667,331,347","12,359,838,916"
ripple,"Dec 06, 2018",0.337083,0.342495,0.310360,0.310936,"517,551,018","12,539,238,458"
ripple,"Dec 05, 2018",0.352353,0.353309,0.338242,0.338242,"400,526,135","13,640,400,736"
ripple,"Dec 04, 2018",0.348534,0.361431,0.342528,0.352231,"445,334,425","14,204,552,399"
ripple,"Dec 03, 2018",0.368598,0.368598,0.346975,0.348754,"392,651,603","14,064,337,569"
ripple,"Dec 02, 2018",0.372162,0.378392,0.365732,0.367627,"335,732,170","14,825,428,858"
ripple,"Dec 01, 2018",0.362557,0.377056,0.357083,0.372906,"397,266,566","15,038,289,184"
ripple,"Nov 30, 2018",0.380538,0.381019,0.355205,0.362455,"512,041,152","14,616,841,112"
ripple,"Nov 29, 2018",0.391862,0.392465,0.373789,0.379562,"629,900,577","15,306,739,230"
ripple,"Nov 28, 2018",0.360313,0.401583,0.360313,0.390557,"774,818,000","15,750,125,594"
ripple,"Nov 27, 2018",0.353977,0.367645,0.342991,0.360163,"600,169,000","14,524,416,370"
ripple,"Nov 26, 2018",0.375553,0.388696,0.342019,0.355451,"1,032,000,000","14,334,393,936"
ripple,"Nov 25, 2018",0.374511,0.386333,0.324953,0.374551,"1,296,590,000","15,104,646,163"
ripple,"Nov 24, 2018",0.407844,0.416762,0.367354,0.375336,"626,279,000","15,136,303,126"
ripple,"Nov 23, 2018",0.425209,0.428205,0.398046,0.407428,"774,083,000","16,430,488,176"
ripple,"Nov 22, 2018",0.447948,0.448206,0.426080,0.426080,"480,044,000","17,182,673,753"
ripple,"Nov 21, 2018",0.436492,0.456144,0.416780,0.447651,"858,303,000","18,052,574,841"
ripple,"Nov 20, 2018",0.480279,0.496516,0.423672,0.434726,"1,538,310,000","17,531,343,950"
ripple,"Nov 19, 2018",0.510127,0.510127,0.472305,0.478166,"1,297,340,000","19,283,163,673"
ripple,"Nov 18, 2018",0.493419,0.522133,0.490330,0.510473,"884,280,000","20,557,640,500"
ripple,"Nov 17, 2018",0.472323,0.496730,0.466813,0.491654,"607,453,000","19,799,766,457"
ripple,"Nov 16, 2018",0.479232,0.485082,0.463771,0.471609,"593,572,000","18,992,519,249"
ripple,"Nov 15, 2018",0.472378,0.484565,0.432724,0.481708,"965,997,000","19,399,223,642"
ripple,"Nov 14, 2018",0.508372,0.510646,0.430398,0.474372,"980,604,000","19,103,790,091"
ripple,"Nov 13, 2018",0.516663,0.525145,0.505520,0.510112,"521,675,000","20,509,312,471"
ripple,"Nov 12, 2018",0.507833,0.525536,0.500816,0.517165,"605,042,000","20,792,881,924"
ripple,"Nov 11, 2018",0.506895,0.508318,0.496930,0.505913,"292,675,000","20,340,489,540"
ripple,"Nov 10, 2018",0.500300,0.511176,0.499791,0.506698,"328,038,000","20,372,050,864"
ripple,"Nov 09, 2018",0.492847,0.515509,0.492847,0.500668,"509,865,000","20,129,611,646"
ripple,"Nov 08, 2018",0.536640,0.539282,0.491286,0.493508,"686,221,000","19,841,740,204"
ripple,"Nov 07, 2018",0.549319,0.549319,0.524965,0.535707,"631,230,000","21,538,372,467"
ripple,"Nov 06, 2018",0.497102,0.560547,0.497102,0.549080,"1,333,160,000","21,639,288,294"
ripple,"Nov 05, 2018",0.461444,0.497412,0.460769,0.497412,"556,519,000","19,998,705,113"
ripple,"Nov 04, 2018",0.455225,0.470722,0.449935,0.462691,"429,629,000","18,602,729,463"
ripple,"Nov 03, 2018",0.458899,0.459135,0.454453,0.455667,"275,311,000","18,320,325,933"
ripple,"Nov 02, 2018",0.456506,0.461451,0.455729,0.458685,"401,300,000","18,441,666,174"
ripple,"Nov 01, 2018",0.448620,0.456303,0.446069,0.455722,"346,501,000","18,322,537,236"
ripple,"Oct 31, 2018",0.445268,0.450401,0.438760,0.448382,"367,008,000","18,027,428,764"
ripple,"Oct 30, 2018",0.441968,0.448306,0.440880,0.444759,"245,858,000","17,881,764,186"
ripple,"Oct 29, 2018",0.461598,0.462128,0.437057,0.441514,"341,648,000","17,751,297,294"
ripple,"Oct 28, 2018",0.457169,0.463931,0.455456,0.462406,"280,005,000","18,591,270,891"
ripple,"Oct 27, 2018",0.459176,0.460376,0.455284,0.456348,"211,006,000","18,347,705,888"
ripple,"Oct 26, 2018",0.456961,0.460288,0.453618,0.459288,"235,514,000","18,465,910,099"
ripple,"Oct 25, 2018",0.455780,0.462766,0.452681,0.458052,"273,380,000","18,416,216,084"
ripple,"Oct 24, 2018",0.461505,0.467070,0.454497,0.457237,"295,115,000","18,288,398,359"
ripple,"Oct 23, 2018",0.453070,0.471596,0.439644,0.462058,"445,238,000","18,481,226,954"
ripple,"Oct 22, 2018",0.456089,0.458188,0.450583,0.453109,"249,302,000","18,123,288,124"
ripple,"Oct 21, 2018",0.458863,0.463629,0.455411,0.456694,"262,867,000","18,266,679,643"
ripple,"Oct 20, 2018",0.453936,0.461899,0.451070,0.459151,"277,061,000","18,364,953,831"
ripple,"Oct 19, 2018",0.457344,0.460625,0.450369,0.454178,"303,401,000","18,166,045,595"
ripple,"Oct 18, 2018",0.467653,0.474622,0.447294,0.457725,"476,876,000","18,307,917,204"
ripple,"Oct 17, 2018",0.469701,0.478521,0.460343,0.468197,"526,538,000","18,726,772,432"
ripple,"Oct 16, 2018",0.448066,0.470990,0.445319,0.470253,"605,102,000","18,809,007,568"
ripple,"Oct 15, 2018",0.401654,0.472133,0.396701,0.447316,"1,041,470,000","17,891,581,828"
ripple,"Oct 14, 2018",0.418573,0.424992,0.401460,0.403286,"289,195,000","16,130,485,985"
ripple,"Oct 13, 2018",0.416294,0.425624,0.414515,0.418878,"373,875,000","16,754,129,101"
ripple,"Oct 12, 2018",0.379313,0.439544,0.378914,0.419115,"820,154,000","16,763,608,540"
ripple,"Oct 11, 2018",0.461497,0.461497,0.381614,0.383130,"791,202,000","15,324,293,667"
ripple,"Oct 10, 2018",0.479151,0.479151,0.459042,0.462387,"412,207,000","18,494,386,176"
ripple,"Oct 09, 2018",0.490604,0.491133,0.471116,0.479857,"416,867,000","19,163,286,273"
ripple,"Oct 08, 2018",0.484018,0.496593,0.479386,0.489751,"540,832,000","19,558,407,224"
ripple,"Oct 07, 2018",0.490268,0.490268,0.469887,0.482039,"548,645,000","19,250,425,338"
ripple,"Oct 06, 2018",0.519354,0.520882,0.470532,0.488082,"672,167,000","19,491,755,024"
ripple,"Oct 05, 2018",0.527530,0.530432,0.510320,0.519026,"589,636,000","20,727,516,366"
ripple,"Oct 04, 2018",0.528892,0.547161,0.526250,0.526606,"621,615,000","21,030,226,778"
ripple,"Oct 03, 2018",0.517220,0.536097,0.512269,0.528162,"789,229,000","21,092,366,276"
ripple,"Oct 02, 2018",0.577145,0.577145,0.518287,0.520837,"743,705,000","20,799,839,394"
ripple,"Oct 01, 2018",0.583511,0.602337,0.537349,0.576461,"1,412,800,000","23,021,206,668"
ripple,"Sep 30, 2018",0.568045,0.618702,0.564195,0.581572,"1,329,720,000","23,187,803,288"
ripple,"Sep 29, 2018",0.539412,0.587431,0.529954,0.571228,"1,034,370,000","22,775,378,623"
ripple,"Sep 28, 2018",0.543030,0.548805,0.522197,0.539112,"718,255,000","21,494,884,565"
ripple,"Sep 27, 2018",0.516478,0.550922,0.513967,0.541381,"824,083,000","21,585,351,654"
ripple,"Sep 26, 2018",0.520288,0.566711,0.491498,0.516308,"1,821,610,000","20,585,668,395"
ripple,"Sep 25, 2018",0.487622,0.546061,0.441519,0.526941,"1,639,680,000","21,009,615,753"
ripple,"Sep 24, 2018",0.570614,0.580377,0.489646,0.494712,"1,034,380,000","19,724,616,282"
ripple,"Sep 23, 2018",0.575220,0.595025,0.559651,0.570689,"1,043,970,000","22,718,597,839"
ripple,"Sep 22, 2018",0.565468,0.609112,0.495737,0.570798,"2,411,430,000","22,722,937,028"
ripple,"Sep 21, 2018",0.452836,0.769380,0.429052,0.561462,"4,101,490,000","22,351,279,558"
ripple,"Sep 20, 2018",0.326441,0.477467,0.322347,0.449918,"1,291,360,000","17,910,816,754"
ripple,"Sep 19, 2018",0.320324,0.334734,0.313853,0.326053,"489,609,000","12,979,866,409"
ripple,"Sep 18, 2018",0.271452,0.332653,0.271010,0.321860,"600,216,000","12,812,946,983"
ripple,"Sep 17, 2018",0.281545,0.283361,0.268184,0.272251,"246,489,000","10,838,058,873"
ripple,"Sep 16, 2018",0.281723,0.281846,0.276549,0.281166,"197,009,000","11,192,956,724"
ripple,"Sep 15, 2018",0.277006,0.283564,0.276765,0.282008,"205,361,000","11,226,475,960"
ripple,"Sep 14, 2018",0.281184,0.284941,0.273855,0.277159,"269,029,000","11,033,441,784"
ripple,"Sep 13, 2018",0.270783,0.284655,0.267846,0.280583,"311,799,000","11,142,751,261"
ripple,"Sep 12, 2018",0.263166,0.272626,0.255756,0.270087,"298,449,000","10,725,925,163"
ripple,"Sep 11, 2018",0.270167,0.274917,0.255917,0.263710,"200,330,000","10,472,676,303"
ripple,"Sep 10, 2018",0.280237,0.282113,0.263820,0.270321,"204,958,000","10,735,217,970"
ripple,"Sep 09, 2018",0.278661,0.291261,0.274478,0.278680,"168,991,000","11,049,704,672"
ripple,"Sep 08, 2018",0.291119,0.296207,0.273789,0.279333,"169,208,000","11,075,596,222"
ripple,"Sep 07, 2018",0.301431,0.305307,0.287287,0.291435,"213,961,000","11,555,442,375"
ripple,"Sep 06, 2018",0.283500,0.305327,0.276112,0.302710,"329,763,000","12,002,497,851"
ripple,"Sep 05, 2018",0.331465,0.334100,0.283601,0.283601,"344,488,000","11,244,823,075"
ripple,"Sep 04, 2018",0.335184,0.340320,0.330305,0.331652,"241,419,000","13,150,052,583"
ripple,"Sep 03, 2018",0.343137,0.343684,0.334542,0.335961,"201,147,000","13,320,905,093"
ripple,"Sep 02, 2018",0.347323,0.349541,0.338393,0.342523,"240,907,000","13,581,089,398"
ripple,"Sep 01, 2018",0.335313,0.352657,0.334467,0.347721,"257,267,000","13,787,190,893"
ripple,"Aug 31, 2018",0.335474,0.338988,0.328373,0.335332,"219,139,000","13,295,965,146"
ripple,"Aug 30, 2018",0.344546,0.346640,0.325641,0.335444,"263,925,000","13,300,405,964"
ripple,"Aug 29, 2018",0.350833,0.353745,0.341238,0.344803,"275,908,000","13,671,491,747"
ripple,"Aug 28, 2018",0.337527,0.356798,0.334971,0.351837,"329,550,000","13,939,151,831"
ripple,"Aug 27, 2018",0.323643,0.337781,0.323066,0.336903,"227,284,000","13,347,493,496"
ripple,"Aug 26, 2018",0.328162,0.328327,0.320571,0.323776,"168,718,000","12,797,087,412"
ripple,"Aug 25, 2018",0.327650,0.331530,0.324468,0.328230,"167,363,000","12,973,129,575"
ripple,"Aug 24, 2018",0.327390,0.328584,0.318217,0.327606,"244,571,000","12,948,466,281"
ripple,"Aug 23, 2018",0.319573,0.328813,0.319176,0.327709,"217,578,000","12,952,537,306"
ripple,"Aug 22, 2018",0.334434,0.350122,0.316613,0.319803,"286,845,000","12,640,056,538"
ripple,"Aug 21, 2018",0.318219,0.338100,0.316983,0.335177,"248,735,000","13,196,722,736"
ripple,"Aug 20, 2018",0.344451,0.351689,0.317692,0.319283,"311,144,000","12,570,937,819"
ripple,"Aug 19, 2018",0.327363,0.353079,0.321945,0.343978,"327,300,000","13,543,239,224"
ripple,"Aug 18, 2018",0.363027,0.369954,0.317115,0.327100,"434,332,000","12,878,711,866"
ripple,"Aug 17, 2018",0.292808,0.373619,0.292766,0.366676,"497,206,000","14,436,913,947"
ripple,"Aug 16, 2018",0.282034,0.300958,0.278203,0.292436,"238,219,000","11,513,907,011"
ripple,"Aug 15, 2018",0.276797,0.301744,0.276797,0.282005,"332,432,000","11,103,213,512"
ripple,"Aug 14, 2018",0.278738,0.279615,0.253983,0.274272,"276,768,000","10,798,746,747"
ripple,"Aug 13, 2018",0.297572,0.310680,0.276544,0.277466,"235,117,000","10,924,502,191"
ripple,"Aug 12, 2018",0.300604,0.309376,0.297057,0.297870,"178,827,000","11,706,253,644"
ripple,"Aug 11, 2018",0.321122,0.321210,0.291582,0.301262,"284,423,000","11,839,558,819"
ripple,"Aug 10, 2018",0.346167,0.347973,0.316909,0.320426,"249,264,000","12,592,701,615"
ripple,"Aug 09, 2018",0.333771,0.359654,0.332608,0.346771,"325,775,000","13,628,056,811"
ripple,"Aug 08, 2018",0.380875,0.380875,0.326996,0.331944,"360,857,000","13,045,357,571"
ripple,"Aug 07, 2018",0.413776,0.415917,0.379526,0.381006,"244,448,000","14,973,488,018"
ripple,"Aug 06, 2018",0.433886,0.435794,0.406680,0.414081,"242,075,000","16,273,331,370"
ripple,"Aug 05, 2018",0.428580,0.434594,0.427522,0.433638,"186,848,000","17,041,919,018"
ripple,"Aug 04, 2018",0.441039,0.443058,0.427125,0.428507,"185,678,000","16,840,271,361"
ripple,"Aug 03, 2018",0.430397,0.443633,0.426481,0.440571,"278,870,000","17,314,385,048"
ripple,"Aug 02, 2018",0.447016,0.447645,0.429939,0.430254,"204,898,000","16,915,730,078"
ripple,"Aug 01, 2018",0.435562,0.459134,0.427168,0.445852,"323,200,000","17,528,976,109"
ripple,"Jul 31, 2018",0.445892,0.446124,0.427753,0.435225,"228,767,000","17,111,168,341"
ripple,"Jul 30, 2018",0.453469,0.454549,0.436964,0.446107,"247,714,000","17,539,001,608"
ripple,"Jul 29, 2018",0.456606,0.457140,0.450249,0.453306,"191,966,000","17,822,035,214"
ripple,"Jul 28, 2018",0.454599,0.456170,0.449695,0.453667,"157,346,000","17,836,228,176"
ripple,"Jul 27, 2018",0.449623,0.459486,0.445224,0.453635,"203,720,992","17,834,970,074"
ripple,"Jul 26, 2018",0.459447,0.466983,0.446849,0.449920,"199,587,008","17,688,912,310"
ripple,"Jul 25, 2018",0.455842,0.465526,0.450719,0.459829,"255,872,000","18,078,491,417"
ripple,"Jul 24, 2018",0.445559,0.466819,0.438565,0.457623,"319,956,000","17,991,761,019"
ripple,"Jul 23, 2018",0.449121,0.461783,0.444498,0.445276,"194,542,000","17,506,330,276"
ripple,"Jul 22, 2018",0.455002,0.460989,0.449140,0.449311,"158,906,000","17,664,969,058"
ripple,"Jul 21, 2018",0.446219,0.458755,0.438318,0.455410,"180,339,008","17,904,755,412"
ripple,"Jul 20, 2018",0.476485,0.476485,0.436483,0.446994,"295,403,008","17,573,874,620"
ripple,"Jul 19, 2018",0.487577,0.491237,0.471724,0.476433,"293,942,016","18,731,289,026"
ripple,"Jul 18, 2018",0.505118,0.519560,0.477234,0.486389,"367,988,992","19,096,821,224"
ripple,"Jul 17, 2018",0.481301,0.516604,0.470048,0.505587,"347,700,000","19,850,581,637"
ripple,"Jul 16, 2018",0.446413,0.483401,0.444505,0.483401,"269,283,008","18,979,505,039"
ripple,"Jul 15, 2018",0.439095,0.448987,0.437194,0.445894,"152,903,008","17,506,888,525"
ripple,"Jul 14, 2018",0.438561,0.441646,0.433895,0.439271,"134,840,992","17,246,853,353"
ripple,"Jul 13, 2018",0.436514,0.444508,0.434805,0.438741,"179,403,008","17,226,044,258"
ripple,"Jul 12, 2018",0.449882,0.449972,0.428033,0.435364,"182,139,008","17,093,454,982"
ripple,"Jul 11, 2018",0.445127,0.452545,0.443574,0.450233,"183,887,008","17,677,248,272"
ripple,"Jul 10, 2018",0.473855,0.474336,0.443261,0.445042,"230,418,000","17,473,436,922"
ripple,"Jul 09, 2018",0.477291,0.480774,0.472653,0.474270,"206,344,992","18,620,999,656"
ripple,"Jul 08, 2018",0.492319,0.494895,0.475966,0.477749,"226,644,000","18,757,593,701"
ripple,"Jul 07, 2018",0.478617,0.492477,0.467716,0.492477,"214,979,008","19,335,850,987"
ripple,"Jul 06, 2018",0.480579,0.481473,0.462414,0.479151,"245,003,008","18,812,639,649"
ripple,"Jul 05, 2018",0.490422,0.497402,0.472966,0.481625,"279,999,008","18,909,774,937"
ripple,"Jul 04, 2018",0.485584,0.503604,0.475774,0.490043,"313,828,992","19,240,115,961"
ripple,"Jul 03, 2018",0.486259,0.515696,0.480843,0.485223,"410,225,984","19,050,872,652"
ripple,"Jul 02, 2018",0.461606,0.488924,0.453839,0.486122,"335,919,008","19,086,169,278"
ripple,"Jul 01, 2018",0.465944,0.466280,0.450816,0.461358,"267,224,992","18,113,882,700"
ripple,"Jun 30, 2018",0.454112,0.480147,0.454112,0.466245,"345,528,992","18,305,756,569"
ripple,"Jun 29, 2018",0.448354,0.458340,0.427302,0.453080,"309,777,984","17,788,871,058"
ripple,"Jun 28, 2018",0.470330,0.471683,0.445750,0.448458,"220,566,000","17,607,401,644"
ripple,"Jun 27, 2018",0.455551,0.472758,0.451960,0.470370,"215,618,000","18,467,712,721"
ripple,"Jun 26, 2018",0.482381,0.482872,0.456001,0.456001,"179,426,000","17,903,549,770"
ripple,"Jun 25, 2018",0.477106,0.491110,0.475560,0.481753,"231,728,992","18,914,626,969"
ripple,"Jun 24, 2018",0.491773,0.493725,0.450048,0.477380,"369,520,000","18,734,923,547"
ripple,"Jun 23, 2018",0.487309,0.496713,0.480874,0.491284,"204,927,008","19,280,590,263"
ripple,"Jun 22, 2018",0.535091,0.535091,0.477286,0.486947,"339,428,992","19,110,383,377"
ripple,"Jun 21, 2018",0.539228,0.547007,0.530697,0.534775,"194,312,000","20,987,407,809"
ripple,"Jun 20, 2018",0.549738,0.550554,0.525859,0.539286,"256,920,000","21,164,443,378"
ripple,"Jun 19, 2018",0.538614,0.558059,0.534595,0.549621,"255,400,000","21,570,043,602"
ripple,"Jun 18, 2018",0.528820,0.547794,0.511833,0.537495,"276,527,008","21,094,155,037"
ripple,"Jun 17, 2018",0.535536,0.538881,0.525215,0.528216,"166,028,000","20,729,997,855"
ripple,"Jun 16, 2018",0.537106,0.539293,0.523588,0.534784,"202,682,000","20,987,761,016"
ripple,"Jun 15, 2018",0.560062,0.560062,0.534301,0.537707,"241,684,992","21,102,475,042"
ripple,"Jun 14, 2018",0.535435,0.570590,0.526614,0.561306,"379,824,992","22,028,624,987"
ripple,"Jun 13, 2018",0.562845,0.564642,0.517036,0.534663,"359,864,992","20,982,481,909"
ripple,"Jun 12, 2018",0.602136,0.602139,0.556653,0.562933,"309,544,000","22,091,918,627"
ripple,"Jun 11, 2018",0.586198,0.604066,0.568721,0.604066,"336,547,008","23,706,154,937"
ripple,"Jun 10, 2018",0.659514,0.659514,0.561237,0.588126,"492,555,008","23,080,600,594"
ripple,"Jun 09, 2018",0.674778,0.678893,0.659755,0.659755,"175,990,000","25,891,631,461"
ripple,"Jun 08, 2018",0.677586,0.679668,0.660804,0.674343,"221,887,008","26,464,127,494"
ripple,"Jun 07, 2018",0.675313,0.688223,0.673146,0.678128,"244,568,000","26,612,667,217"
ripple,"Jun 06, 2018",0.677901,0.681668,0.660059,0.674797,"273,966,016","26,480,063,918"
ripple,"Jun 05, 2018",0.661898,0.683840,0.641428,0.677015,"386,328,000","26,567,101,622"
ripple,"Jun 04, 2018",0.692466,0.703623,0.644603,0.661425,"558,131,008","25,955,326,234"
ripple,"Jun 03, 2018",0.643412,0.673594,0.640891,0.671205,"327,804,000","26,339,108,357"
ripple,"Jun 02, 2018",0.623462,0.648982,0.619477,0.643451,"315,206,016","25,249,999,048"
ripple,"Jun 01, 2018",0.612893,0.624824,0.609069,0.623364,"263,088,000","24,461,754,519"
ripple,"May 31, 2018",0.603452,0.621636,0.596089,0.612622,"283,328,000","24,008,636,723"
ripple,"May 30, 2018",0.603769,0.627679,0.590058,0.605817,"320,604,992","23,741,948,989"
ripple,"May 29, 2018",0.556084,0.610749,0.551635,0.601241,"380,744,000","23,562,615,694"
ripple,"May 28, 2018",0.608368,0.609781,0.552299,0.552299,"327,903,008","21,644,580,268"
ripple,"May 27, 2018",0.612040,0.612884,0.603328,0.607881,"186,963,008","23,822,837,083"
ripple,"May 26, 2018",0.610118,0.626494,0.603800,0.612708,"213,242,000","24,012,007,060"
ripple,"May 25, 2018",0.632924,0.636208,0.603334,0.611001,"289,816,000","23,945,109,784"
ripple,"May 24, 2018",0.599207,0.640258,0.589272,0.631997,"440,532,992","24,767,942,357"
ripple,"May 23, 2018",0.648634,0.649121,0.586997,0.599594,"482,480,992","23,498,069,816"
ripple,"May 22, 2018",0.682151,0.682933,0.644588,0.645567,"234,712,992","25,299,750,226"
ripple,"May 21, 2018",0.700441,0.703051,0.676203,0.681587,"250,480,992","26,711,372,882"
ripple,"May 20, 2018",0.677258,0.704614,0.673348,0.700244,"275,614,016","27,442,540,120"
ripple,"May 19, 2018",0.680759,0.690450,0.665896,0.676713,"249,039,008","26,520,360,977"
ripple,"May 18, 2018",0.665400,0.685625,0.653390,0.680294,"344,944,000","26,660,700,253"
ripple,"May 17, 2018",0.713388,0.714618,0.661213,0.667310,"337,999,008","26,151,857,706"
ripple,"May 16, 2018",0.695920,0.714081,0.669438,0.714081,"429,641,984","27,984,811,710"
ripple,"May 15, 2018",0.738938,0.752269,0.692667,0.698588,"422,980,000","27,377,641,532"
ripple,"May 14, 2018",0.744701,0.756983,0.707693,0.740898,"613,462,016","29,035,769,088"
ripple,"May 13, 2018",0.698085,0.758977,0.680971,0.745748,"532,488,000","29,225,840,434"
ripple,"May 12, 2018",0.685772,0.714918,0.639771,0.696735,"596,684,992","27,305,022,521"
ripple,"May 11, 2018",0.756578,0.761326,0.656026,0.684948,"991,409,024","26,843,090,365"
ripple,"May 10, 2018",0.803212,0.808914,0.757342,0.758237,"399,324,000","29,706,405,924"
ripple,"May 09, 2018",0.813393,0.819969,0.770300,0.802043,"611,574,976","31,422,648,759"
ripple,"May 08, 2018",0.833086,0.846992,0.803568,0.813970,"465,040,992","31,889,927,859"
ripple,"May 07, 2018",0.871214,0.871236,0.812933,0.832641,"602,534,976","32,621,425,142"
ripple,"May 06, 2018",0.904235,0.918675,0.855972,0.871424,"640,057,024","34,140,875,579"
ripple,"May 05, 2018",0.895562,0.922354,0.895562,0.905103,"668,800,000","35,460,360,179"
ripple,"May 04, 2018",0.881536,0.927695,0.866922,0.895442,"1,007,609,984","35,081,859,015"
ripple,"May 03, 2018",0.858980,0.892916,0.847319,0.884466,"725,228,992","34,651,838,439"
ripple,"May 02, 2018",0.839355,0.864280,0.831713,0.859094,"544,425,984","33,636,838,508"
ripple,"May 01, 2018",0.838355,0.842069,0.797826,0.841407,"630,809,024","32,944,324,345"
ripple,"Apr 30, 2018",0.871404,0.876788,0.831208,0.837938,"575,363,968","32,802,091,383"
ripple,"Apr 29, 2018",0.864399,0.904945,0.834480,0.872778,"896,313,984","34,165,945,109"
ripple,"Apr 28, 2018",0.812063,0.887591,0.812063,0.863804,"788,718,976","33,814,647,080"
ripple,"Apr 27, 2018",0.851139,0.859641,0.813885,0.813885,"673,793,024","31,860,507,753"
ripple,"Apr 26, 2018",0.801774,0.852414,0.771787,0.852414,"1,028,590,016","33,368,771,823"
ripple,"Apr 25, 2018",0.932771,0.932771,0.779231,0.800607,"1,614,050,048","31,340,724,464"
ripple,"Apr 24, 2018",0.876012,0.965610,0.873566,0.934781,"1,572,930,048","36,593,127,159"
ripple,"Apr 23, 2018",0.866578,0.886290,0.863304,0.876657,"674,545,024","34,317,793,232"
ripple,"Apr 22, 2018",0.866820,0.911901,0.848091,0.869995,"946,398,976","34,036,636,008"
ripple,"Apr 21, 2018",0.925021,0.925021,0.821113,0.873103,"1,563,970,048","34,158,229,655"
ripple,"Apr 20, 2018",0.791172,0.938354,0.791172,0.924465,"2,344,069,888","36,167,654,650"
ripple,"Apr 19, 2018",0.712059,0.791976,0.706841,0.791976,"878,328,000","30,984,314,668"
ripple,"Apr 18, 2018",0.657052,0.721426,0.657052,0.708932,"624,049,024","27,735,401,282"
ripple,"Apr 17, 2018",0.664890,0.677356,0.654346,0.656933,"442,352,992","25,701,055,067"
ripple,"Apr 16, 2018",0.682296,0.687165,0.638610,0.663297,"531,996,000","25,950,032,534"
ripple,"Apr 15, 2018",0.634883,0.682534,0.634143,0.682534,"609,636,992","26,702,637,741"
ripple,"Apr 14, 2018",0.637380,0.661508,0.616307,0.632184,"626,268,032","24,732,805,014"
ripple,"Apr 13, 2018",0.630093,0.693112,0.605816,0.638087,"1,245,170,048","24,963,746,873"
ripple,"Apr 12, 2018",0.538657,0.644518,0.506543,0.628737,"1,346,739,968","24,597,948,740"
ripple,"Apr 11, 2018",0.492568,0.548455,0.489026,0.539506,"341,707,008","21,091,728,443"
ripple,"Apr 10, 2018",0.492134,0.493645,0.482839,0.491931,"154,495,008","19,231,806,625"
ripple,"Apr 09, 2018",0.501201,0.512142,0.482573,0.491855,"271,775,008","19,228,835,441"
ripple,"Apr 08, 2018",0.488227,0.501418,0.487591,0.500398,"137,548,000","19,562,819,931"
ripple,"Apr 07, 2018",0.476851,0.495667,0.474575,0.487867,"209,076,000","19,072,926,493"
ripple,"Apr 06, 2018",0.494781,0.498090,0.465615,0.476431,"218,156,000","18,625,841,555"
ripple,"Apr 05, 2018",0.501950,0.505882,0.484490,0.495801,"358,755,008","19,383,102,419"
ripple,"Apr 04, 2018",0.554569,0.563117,0.498487,0.501631,"415,257,984","19,611,023,475"
ripple,"Apr 03, 2018",0.501533,0.562698,0.499658,0.558044,"578,238,976","21,816,462,667"
ripple,"Apr 02, 2018",0.486067,0.510446,0.478596,0.500688,"262,342,000","19,574,157,342"
ripple,"Apr 01, 2018",0.513854,0.515437,0.466223,0.485081,"297,868,992","18,964,009,158"
ripple,"Mar 31, 2018",0.510617,0.529406,0.505167,0.512353,"293,208,000","20,030,194,925"
ripple,"Mar 30, 2018",0.513268,0.531276,0.484362,0.509565,"518,219,008","19,921,199,401"
ripple,"Mar 29, 2018",0.577767,0.578640,0.511511,0.511511,"420,550,016","19,997,127,300"
ripple,"Mar 28, 2018",0.577511,0.594023,0.572828,0.578002,"258,298,000","22,596,541,567"
ripple,"Mar 27, 2018",0.599026,0.604332,0.565132,0.577917,"351,380,992","22,593,218,558"
ripple,"Mar 26, 2018",0.642683,0.644121,0.585922,0.599463,"384,504,992","23,435,542,779"
ripple,"Mar 25, 2018",0.638632,0.657213,0.631901,0.641875,"229,352,000","25,093,607,148"
ripple,"Mar 24, 2018",0.646214,0.679608,0.640516,0.641265,"390,740,000","25,069,759,669"
ripple,"Mar 23, 2018",0.663111,0.663111,0.625258,0.643174,"387,164,000","25,144,390,549"
ripple,"Mar 22, 2018",0.693145,0.701351,0.636741,0.662743,"449,041,984","25,909,425,483"
ripple,"Mar 21, 2018",0.713055,0.720610,0.679162,0.693664,"527,324,000","27,118,166,203"
ripple,"Mar 20, 2018",0.736759,0.736759,0.673427,0.709808,"814,275,968","27,749,301,270"
ripple,"Mar 19, 2018",0.672126,0.749080,0.640012,0.749080,"1,096,930,048","29,284,604,563"
ripple,"Mar 18, 2018",0.634466,0.677591,0.548815,0.658777,"923,606,016","25,752,723,731"
ripple,"Mar 17, 2018",0.687745,0.689434,0.626709,0.637856,"319,824,000","24,934,885,930"
ripple,"Mar 16, 2018",0.699063,0.711780,0.674463,0.689260,"502,740,000","26,944,356,526"
ripple,"Mar 15, 2018",0.702913,0.730673,0.643845,0.697269,"888,345,024","27,257,442,083"
ripple,"Mar 14, 2018",0.789569,0.799080,0.676010,0.701902,"479,148,992","27,438,554,006"
ripple,"Mar 13, 2018",0.798451,0.805729,0.778471,0.789711,"279,679,008","30,871,158,542"
ripple,"Mar 12, 2018",0.832127,0.838328,0.787882,0.801048,"355,031,008","31,314,533,735"
ripple,"Mar 11, 2018",0.795765,0.840407,0.775737,0.831122,"472,972,000","32,490,185,241"
ripple,"Mar 10, 2018",0.854872,0.860443,0.793736,0.796627,"402,670,016","31,141,708,195"
ripple,"Mar 09, 2018",0.826122,0.856182,0.751485,0.849761,"989,203,008","33,218,820,222"
ripple,"Mar 08, 2018",0.872508,0.888562,0.825387,0.825857,"499,496,000","32,284,366,089"
ripple,"Mar 07, 2018",0.924378,0.930659,0.824895,0.871210,"809,598,016","34,057,303,602"
ripple,"Mar 06, 2018",0.954448,0.991306,0.916863,0.922887,"875,180,032","36,077,458,649"
ripple,"Mar 05, 2018",1.01,1.08,0.956116,0.959368,"1,706,819,968","37,503,572,321"
ripple,"Mar 04, 2018",0.906008,1.03,0.895618,1.01,"797,225,984","39,308,526,146"
ripple,"Mar 03, 2018",0.908786,0.926512,0.903604,0.907804,"280,852,992","35,487,834,666"
ripple,"Mar 02, 2018",0.926638,0.933912,0.902286,0.910144,"271,036,000","35,579,309,844"
ripple,"Mar 01, 2018",0.904131,0.953796,0.890630,0.928347,"475,256,992","36,293,542,331"
ripple,"Feb 28, 2018",0.944697,0.955550,0.903787,0.904583,"329,529,984","35,364,493,451"
ripple,"Feb 27, 2018",0.959302,0.972580,0.944977,0.947305,"312,712,992","37,034,701,591"
ripple,"Feb 26, 2018",0.943704,0.970906,0.913403,0.956859,"458,612,992","37,408,213,331"
ripple,"Feb 25, 2018",0.951977,0.967597,0.915279,0.943487,"360,271,008","36,885,437,636"
ripple,"Feb 24, 2018",0.997659,1.01,0.929456,0.954402,"489,920,000","37,312,157,402"
ripple,"Feb 23, 2018",0.934176,1.03,0.898286,0.998855,"896,403,968","39,050,038,644"
ripple,"Feb 22, 2018",1.01,1.05,0.922458,0.941788,"889,707,008","36,738,411,366"
ripple,"Feb 21, 2018",1.08,1.10,0.998881,1.02,"871,526,016","39,609,567,670"
ripple,"Feb 20, 2018",1.14,1.17,1.08,1.09,"806,673,024","42,498,980,287"
ripple,"Feb 19, 2018",1.12,1.17,1.12,1.14,"556,304,000","44,642,926,789"
ripple,"Feb 18, 2018",1.20,1.21,1.09,1.12,"1,113,650,048","43,708,265,978"
ripple,"Feb 17, 2018",1.14,1.22,1.13,1.20,"1,186,729,984","47,005,324,901"
ripple,"Feb 16, 2018",1.14,1.15,1.11,1.14,"568,339,008","44,393,657,900"
ripple,"Feb 15, 2018",1.14,1.16,1.11,1.15,"1,188,530,048","44,738,109,276"
ripple,"Feb 14, 2018",1.03,1.17,1.02,1.14,"1,457,600,000","44,533,700,985"
ripple,"Feb 13, 2018",1.08,1.08,1.01,1.03,"921,100,032","40,078,458,444"
ripple,"Feb 12, 2018",1.01,1.11,1.01,1.08,"1,756,290,048","42,169,352,413"
ripple,"Feb 11, 2018",1.07,1.08,0.929767,1.00,"2,555,310,080","39,171,494,176"
ripple,"Feb 10, 2018",0.947251,1.30,0.947251,1.07,"4,682,010,112","41,768,727,766"
ripple,"Feb 09, 2018",0.797140,0.954428,0.771540,0.954428,"1,690,339,968","37,231,487,854"
ripple,"Feb 08, 2018",0.729252,0.806970,0.722611,0.805263,"947,315,008","31,412,678,173"
ripple,"Feb 07, 2018",0.774576,0.805478,0.706950,0.723895,"1,133,369,984","28,238,576,299"
ripple,"Feb 06, 2018",0.705121,0.786004,0.588360,0.776393,"2,361,139,968","30,286,482,112"
ripple,"Feb 05, 2018",0.825943,0.833866,0.675827,0.691799,"1,286,179,968","26,986,536,508"
ripple,"Feb 04, 2018",0.913418,0.952947,0.796821,0.815703,"1,190,960,000","31,819,934,387"
ripple,"Feb 03, 2018",0.891992,0.974799,0.761635,0.924043,"1,988,960,000","36,046,192,831"
ripple,"Feb 02, 2018",0.960642,0.960642,0.635185,0.884784,"3,529,760,000","34,514,730,026"
ripple,"Feb 01, 2018",1.16,1.16,0.930378,0.962530,"1,410,419,968","37,547,540,521"
ripple,"Jan 31, 2018",1.13,1.19,1.04,1.16,"1,264,029,952","45,029,992,212"
ripple,"Jan 30, 2018",1.33,1.33,1.13,1.14,"1,134,640,000","44,106,838,439"
ripple,"Jan 29, 2018",1.40,1.41,1.30,1.32,"1,073,680,000","51,289,462,908"
ripple,"Jan 28, 2018",1.22,1.44,1.22,1.40,"1,327,360,000","54,219,304,278"
ripple,"Jan 27, 2018",1.22,1.24,1.19,1.22,"689,100,992","47,227,276,392"
ripple,"Jan 26, 2018",1.31,1.33,1.13,1.22,"2,037,570,048","47,155,996,370"
ripple,"Jan 25, 2018",1.36,1.38,1.29,1.31,"986,067,968","50,834,665,371"
ripple,"Jan 24, 2018",1.35,1.42,1.31,1.36,"1,853,440,000","52,574,827,666"
ripple,"Jan 23, 2018",1.35,1.43,1.20,1.34,"2,977,080,064","51,796,945,678"
ripple,"Jan 22, 2018",1.39,1.43,1.16,1.36,"2,642,510,080","52,582,575,495"
ripple,"Jan 21, 2018",1.58,1.58,1.34,1.38,"2,840,750,080","53,461,566,645"
ripple,"Jan 20, 2018",1.56,1.63,1.50,1.58,"2,346,449,920","61,154,385,624"
ripple,"Jan 19, 2018",1.58,1.70,1.50,1.55,"3,697,430,016","60,125,086,600"
ripple,"Jan 18, 2018",1.31,1.73,1.26,1.60,"9,110,439,936","61,850,140,629"
ripple,"Jan 17, 2018",1.18,1.38,0.897797,1.31,"7,251,210,240","50,606,491,820"
ripple,"Jan 16, 2018",1.68,1.70,0.909313,1.18,"5,687,960,064","45,682,746,768"
ripple,"Jan 15, 2018",1.86,1.90,1.67,1.68,"1,838,460,032","64,955,082,926"
ripple,"Jan 14, 2018",2.02,2.02,1.81,1.86,"1,978,200,064","72,100,905,208"
ripple,"Jan 13, 2018",2.05,2.12,1.98,2.02,"2,130,169,984","78,305,366,321"
ripple,"Jan 12, 2018",1.94,2.16,1.87,2.04,"3,330,810,112","79,152,978,766"
ripple,"Jan 11, 2018",1.98,2.25,1.62,1.95,"6,296,119,808","75,572,319,796"
ripple,"Jan 10, 2018",2.13,2.16,1.70,1.97,"4,833,639,936","76,506,707,920"
ripple,"Jan 09, 2018",2.44,2.53,1.98,2.10,"3,694,700,032","81,421,159,857"
ripple,"Jan 08, 2018",3.36,3.36,2.07,2.46,"3,315,259,904","95,151,474,965"
ripple,"Jan 07, 2018",3.09,3.49,3.08,3.38,"2,395,150,080","130,853,470,856"
ripple,"Jan 06, 2018",3.02,3.24,2.99,3.09,"2,777,560,064","119,857,751,982"
ripple,"Jan 05, 2018",3.30,3.56,2.83,3.05,"6,288,500,224","118,104,418,286"
ripple,"Jan 04, 2018",3.12,3.84,3.12,3.20,"8,103,660,032","123,834,712,592"
ripple,"Jan 03, 2018",2.46,3.28,2.44,3.11,"6,635,879,936","120,299,378,234"
ripple,"Jan 02, 2018",2.37,2.49,2.25,2.48,"3,171,010,048","96,107,944,451"
ripple,"Jan 01, 2018",2.30,2.39,2.15,2.39,"1,894,230,016","92,626,457,504"
ripple,"Dec 31, 2017",2.10,2.39,1.87,2.30,"4,642,079,744","89,122,114,461"
ripple,"Dec 30, 2017",2.20,2.85,2.04,2.16,"8,108,389,888","83,638,588,508"
ripple,"Dec 29, 2017",1.44,2.27,1.44,2.21,"7,545,739,776","85,791,710,178"
ripple,"Dec 28, 2017",1.39,1.50,1.26,1.43,"2,843,300,096","55,431,067,579"
ripple,"Dec 27, 2017",1.18,1.47,1.18,1.40,"2,854,259,968","54,220,856,694"
ripple,"Dec 26, 2017",1.12,1.19,1.09,1.19,"938,846,976","46,079,825,404"
ripple,"Dec 25, 2017",1.05,1.13,1.00,1.12,"686,014,016","43,477,717,045"
ripple,"Dec 24, 2017",1.18,1.18,0.911226,1.04,"754,958,976","40,441,730,263"
ripple,"Dec 23, 2017",1.17,1.21,1.08,1.17,"1,497,590,016","45,492,927,360"
ripple,"Dec 22, 2017",1.17,1.38,0.741013,1.14,"4,644,700,160","44,095,993,796"
ripple,"Dec 21, 2017",0.782515,1.24,0.782515,1.19,"3,626,109,952","46,218,124,151"
ripple,"Dec 20, 2017",0.787171,0.789044,0.730953,0.775964,"1,007,420,032","30,060,181,792"
ripple,"Dec 19, 2017",0.777447,0.863536,0.756724,0.791257,"1,449,670,016","30,652,619,534"
ripple,"Dec 18, 2017",0.728036,0.792014,0.689323,0.778407,"1,342,720,000","30,154,821,523"
ripple,"Dec 17, 2017",0.754125,0.765981,0.719929,0.728366,"805,200,000","28,216,275,976"
ripple,"Dec 16, 2017",0.755493,0.815923,0.741667,0.758642,"1,334,770,048","29,389,142,325"
ripple,"Dec 15, 2017",0.861760,0.861760,0.666114,0.756181,"3,194,210,048","29,293,805,290"
ripple,"Dec 14, 2017",0.470648,0.892267,0.466401,0.864263,"6,358,700,032","33,480,809,543"
ripple,"Dec 13, 2017",0.372689,0.513768,0.342964,0.471063,"2,738,759,936","18,248,577,789"
ripple,"Dec 12, 2017",0.252258,0.434102,0.250961,0.373541,"1,555,040,000","14,470,658,905"
ripple,"Dec 11, 2017",0.236574,0.252777,0.235804,0.251691,"176,100,992","9,750,294,106"
ripple,"Dec 10, 2017",0.245548,0.245548,0.229304,0.237333,"198,174,000","9,194,077,464"
ripple,"Dec 09, 2017",0.252162,0.255684,0.240073,0.244708,"205,288,992","9,479,778,657"
ripple,"Dec 08, 2017",0.223636,0.278673,0.222168,0.252125,"660,172,032","9,767,106,895"
ripple,"Dec 07, 2017",0.232623,0.233760,0.221340,0.222823,"275,204,992","8,631,972,508"
ripple,"Dec 06, 2017",0.245416,0.245705,0.227742,0.232544,"274,526,016","9,008,555,737"
ripple,"Dec 05, 2017",0.253598,0.253988,0.245234,0.246101,"174,591,008","9,533,742,326"
ripple,"Dec 04, 2017",0.252919,0.255362,0.247160,0.253571,"104,650,000","9,814,930,420"
ripple,"Dec 03, 2017",0.255530,0.263072,0.247391,0.252558,"134,710,000","9,754,514,905"
ripple,"Dec 02, 2017",0.255656,0.259218,0.250756,0.255492,"118,250,000","9,867,834,407"
ripple,"Dec 01, 2017",0.250352,0.258828,0.239438,0.255699,"182,992,000","9,875,829,341"
ripple,"Nov 30, 2017",0.246433,0.261524,0.229586,0.250878,"270,907,008","9,689,628,483"
ripple,"Nov 29, 2017",0.297867,0.297867,0.239409,0.243064,"541,177,984","9,387,829,374"
ripple,"Nov 28, 2017",0.254037,0.301084,0.253415,0.299152,"720,742,976","11,554,108,929"
ripple,"Nov 27, 2017",0.248305,0.254733,0.247861,0.253927,"196,735,008","9,807,389,615"
ripple,"Nov 26, 2017",0.252914,0.252914,0.248589,0.248818,"133,297,000","9,610,065,370"
ripple,"Nov 25, 2017",0.244178,0.255700,0.243584,0.252393,"212,592,992","9,748,142,132"
ripple,"Nov 24, 2017",0.242851,0.245388,0.238421,0.244642,"211,486,000","9,448,776,263"
ripple,"Nov 23, 2017",0.238991,0.250096,0.237304,0.242402,"240,684,992","9,362,261,033"
ripple,"Nov 22, 2017",0.232642,0.240848,0.232317,0.238859,"167,078,000","9,225,420,204"
ripple,"Nov 21, 2017",0.237978,0.240974,0.227200,0.233271,"217,851,008","9,009,595,604"
ripple,"Nov 20, 2017",0.231336,0.243430,0.230917,0.238759,"214,663,008","9,221,563,181"
ripple,"Nov 19, 2017",0.228140,0.236231,0.226037,0.231016,"193,808,000","8,922,506,124"
ripple,"Nov 18, 2017",0.226547,0.230399,0.222399,0.228627,"144,298,000","8,830,236,034"
ripple,"Nov 17, 2017",0.224768,0.239409,0.220273,0.226581,"397,071,008","8,751,213,596"
ripple,"Nov 16, 2017",0.212655,0.271790,0.209287,0.227107,"1,022,579,968","8,771,529,238"
ripple,"Nov 15, 2017",0.208937,0.213105,0.208058,0.212956,"100,294,000","8,224,976,687"
ripple,"Nov 14, 2017",0.203679,0.213693,0.203679,0.209825,"127,361,000","8,104,043,784"
ripple,"Nov 13, 2017",0.197472,0.204081,0.197456,0.203442,"132,567,000","7,857,514,002"
ripple,"Nov 12, 2017",0.210214,0.210214,0.195389,0.197339,"251,175,008","7,603,775,359"
ripple,"Nov 11, 2017",0.205948,0.214456,0.205459,0.210430,"134,503,008","8,108,191,735"
ripple,"Nov 10, 2017",0.218256,0.219068,0.205260,0.206483,"141,032,992","7,956,107,751"
ripple,"Nov 09, 2017",0.217911,0.221791,0.214866,0.217488,"147,916,992","8,380,147,337"
ripple,"Nov 08, 2017",0.210675,0.221458,0.208060,0.217437,"156,959,008","8,378,182,229"
ripple,"Nov 07, 2017",0.205103,0.211375,0.203978,0.210354,"114,073,000","8,105,263,338"
ripple,"Nov 06, 2017",0.201967,0.208662,0.201410,0.205990,"102,233,000","7,937,111,703"
ripple,"Nov 05, 2017",0.203274,0.205124,0.201117,0.202055,"46,959,000","7,785,490,097"
ripple,"Nov 04, 2017",0.208083,0.208479,0.202133,0.203750,"74,013,200","7,850,801,055"
ripple,"Nov 03, 2017",0.206205,0.228026,0.201728,0.208133,"373,401,984","8,019,684,790"
ripple,"Nov 02, 2017",0.194596,0.211848,0.183815,0.205861,"197,770,000","7,932,141,134"
ripple,"Nov 01, 2017",0.200247,0.201501,0.193613,0.194124,"67,921,000","7,479,896,462"
ripple,"Oct 31, 2017",0.202405,0.203778,0.200461,0.200558,"43,875,700","7,727,808,383"
ripple,"Oct 30, 2017",0.203076,0.204135,0.201946,0.202711,"34,835,100","7,810,766,786"
ripple,"Oct 29, 2017",0.201358,0.205209,0.200075,0.202785,"62,511,100","7,813,618,120"
ripple,"Oct 28, 2017",0.202592,0.203476,0.201401,0.201835,"26,864,900","7,777,013,158"
ripple,"Oct 27, 2017",0.203668,0.204492,0.201771,0.202785,"29,623,000","7,813,618,120"
ripple,"Oct 26, 2017",0.204444,0.206289,0.202660,0.203628,"38,193,100","7,846,100,208"
ripple,"Oct 25, 2017",0.207113,0.208237,0.201803,0.204604,"75,017,504","7,883,706,990"
ripple,"Oct 24, 2017",0.195567,0.217508,0.190455,0.206644,"220,080,992","7,962,311,329"
ripple,"Oct 23, 2017",0.203504,0.203919,0.190729,0.196928,"99,914,800","7,587,938,897"
ripple,"Oct 22, 2017",0.210958,0.211901,0.200722,0.204177,"75,849,504","7,867,254,022"
ripple,"Oct 21, 2017",0.210189,0.212381,0.200774,0.211016,"116,807,000","8,130,771,217"
ripple,"Oct 20, 2017",0.215086,0.223822,0.208754,0.210549,"182,704,000","8,112,776,988"
ripple,"Oct 19, 2017",0.218229,0.231790,0.208317,0.215150,"304,542,016","8,290,060,599"
ripple,"Oct 18, 2017",0.231216,0.238150,0.207265,0.218520,"354,224,992","8,419,911,885"
ripple,"Oct 17, 2017",0.256098,0.263147,0.222939,0.232064,"411,264,992","8,941,783,048"
ripple,"Oct 16, 2017",0.263386,0.291359,0.249010,0.256232,"963,158,016","9,873,013,281"
ripple,"Oct 15, 2017",0.257537,0.268419,0.249048,0.263983,"280,211,008","10,171,671,239"
ripple,"Oct 14, 2017",0.261150,0.267721,0.257320,0.257320,"211,160,000","9,914,935,595"
ripple,"Oct 13, 2017",0.248285,0.264250,0.238867,0.260489,"398,688,992","10,037,042,042"
ripple,"Oct 12, 2017",0.265046,0.267468,0.248414,0.248414,"245,004,000","9,588,892,546"
ripple,"Oct 11, 2017",0.260658,0.267843,0.259080,0.264439,"161,206,000","10,207,464,780"
ripple,"Oct 10, 2017",0.252825,0.266560,0.241193,0.260733,"384,048,992","10,064,411,507"
ripple,"Oct 09, 2017",0.278758,0.278758,0.240430,0.251825,"610,110,016","9,719,725,410"
ripple,"Oct 08, 2017",0.238312,0.279944,0.237532,0.279944,"529,838,016","10,805,038,460"
ripple,"Oct 07, 2017",0.233963,0.239336,0.233478,0.238610,"77,950,200","9,209,664,172"
ripple,"Oct 06, 2017",0.237726,0.242424,0.233533,0.234039,"167,492,000","9,033,236,633"
ripple,"Oct 05, 2017",0.215583,0.241023,0.215583,0.237016,"404,299,008","9,088,104,028"
ripple,"Oct 04, 2017",0.203218,0.217024,0.202647,0.214774,"123,573,000","8,235,260,297"
ripple,"Oct 03, 2017",0.203209,0.204808,0.198730,0.203318,"48,703,100","7,795,993,244"
ripple,"Oct 02, 2017",0.206077,0.206556,0.199444,0.202676,"77,412,304","7,771,376,497"
ripple,"Oct 01, 2017",0.197622,0.207185,0.196170,0.206532,"51,345,500","7,919,230,352"
ripple,"Sep 30, 2017",0.193824,0.199826,0.193497,0.197529,"54,729,300","7,574,020,743"
ripple,"Sep 29, 2017",0.196105,0.196203,0.187172,0.193606,"72,291,200","7,423,597,852"
ripple,"Sep 28, 2017",0.202532,0.203271,0.191344,0.196131,"117,962,000","7,520,416,052"
ripple,"Sep 27, 2017",0.185297,0.207687,0.185098,0.203299,"249,934,000","7,795,264,711"
ripple,"Sep 26, 2017",0.181968,0.191247,0.180085,0.186119,"70,000,704","7,136,517,507"
ripple,"Sep 25, 2017",0.175519,0.183665,0.174939,0.181487,"35,622,600","6,958,908,832"
ripple,"Sep 24, 2017",0.178175,0.178939,0.174165,0.175787,"20,566,500","6,740,348,933"
ripple,"Sep 23, 2017",0.173371,0.178672,0.171527,0.177882,"32,476,700","6,820,679,282"
ripple,"Sep 22, 2017",0.171567,0.175870,0.169291,0.173510,"37,244,700","6,653,040,005"
ripple,"Sep 21, 2017",0.180981,0.182109,0.171148,0.171754,"43,583,200","6,585,708,219"
ripple,"Sep 20, 2017",0.183710,0.186229,0.180333,0.182078,"34,521,600","6,981,570,042"
ripple,"Sep 19, 2017",0.189819,0.190680,0.181334,0.184041,"54,046,100","7,056,839,004"
ripple,"Sep 18, 2017",0.178309,0.190019,0.178309,0.189768,"88,397,904","7,276,434,186"
ripple,"Sep 17, 2017",0.178377,0.181121,0.171017,0.178393,"49,161,100","6,840,272,985"
ripple,"Sep 16, 2017",0.181925,0.187417,0.172279,0.179082,"84,495,200","6,866,691,892"
ripple,"Sep 15, 2017",0.165035,0.189184,0.150973,0.181358,"289,414,016","6,953,962,476"
ripple,"Sep 14, 2017",0.200427,0.202010,0.164167,0.164167,"152,532,992","6,294,793,490"
ripple,"Sep 13, 2017",0.209630,0.209674,0.196179,0.200778,"105,471,000","7,698,599,886"
ripple,"Sep 12, 2017",0.214860,0.220623,0.207608,0.209303,"94,519,504","8,025,481,138"
ripple,"Sep 11, 2017",0.212513,0.220057,0.210353,0.214441,"138,339,008","8,222,491,797"
ripple,"Sep 10, 2017",0.209606,0.216529,0.197605,0.213031,"117,091,000","8,168,426,980"
ripple,"Sep 09, 2017",0.211293,0.211892,0.206395,0.209995,"51,185,500","8,052,015,076"
ripple,"Sep 08, 2017",0.223615,0.224308,0.206103,0.211518,"151,328,992","8,110,412,747"
ripple,"Sep 07, 2017",0.226382,0.227210,0.219618,0.223640,"103,080,000","8,575,216,799"
ripple,"Sep 06, 2017",0.214951,0.226860,0.214805,0.226186,"163,296,992","8,672,840,220"
ripple,"Sep 05, 2017",0.205110,0.218674,0.190232,0.215189,"242,636,000","8,251,172,991"
ripple,"Sep 04, 2017",0.228781,0.228781,0.195960,0.204968,"239,612,992","7,859,260,583"
ripple,"Sep 03, 2017",0.227229,0.236443,0.218662,0.228811,"186,526,000","8,773,492,805"
ripple,"Sep 02, 2017",0.249348,0.249680,0.217774,0.226669,"329,928,000","8,691,360,296"
ripple,"Sep 01, 2017",0.255803,0.256162,0.243833,0.248479,"283,576,000","9,527,639,487"
ripple,"Aug 31, 2017",0.227558,0.261038,0.225907,0.255630,"432,574,016","9,801,836,301"
ripple,"Aug 30, 2017",0.218871,0.229805,0.217476,0.228006,"181,186,000","8,742,626,012"
ripple,"Aug 29, 2017",0.224026,0.225926,0.214867,0.218564,"269,769,984","8,380,583,457"
ripple,"Aug 28, 2017",0.203425,0.236260,0.196610,0.224508,"542,467,968","8,608,499,253"
ripple,"Aug 27, 2017",0.212617,0.212617,0.197717,0.202995,"193,971,008","7,783,608,183"
ripple,"Aug 26, 2017",0.218256,0.229086,0.210324,0.212577,"184,120,992","8,151,018,876"
ripple,"Aug 25, 2017",0.217200,0.232184,0.203022,0.217828,"504,484,000","8,352,362,390"
ripple,"Aug 24, 2017",0.252371,0.288783,0.212543,0.218958,"1,342,360,064","8,395,690,931"
ripple,"Aug 23, 2017",0.240987,0.297662,0.219992,0.246827,"1,770,400,000","9,464,295,460"
ripple,"Aug 22, 2017",0.194971,0.254659,0.171483,0.239286,"1,450,040,064","9,175,144,549"
ripple,"Aug 21, 2017",0.158410,0.205684,0.154856,0.191918,"447,088,992","7,358,873,447"
ripple,"Aug 20, 2017",0.154569,0.161205,0.153432,0.158735,"68,542,800","6,086,509,741"
ripple,"Aug 19, 2017",0.159553,0.162348,0.152305,0.155057,"87,062,096","5,945,481,091"
ripple,"Aug 18, 2017",0.157117,0.168716,0.154162,0.158883,"146,539,008","6,092,184,630"
ripple,"Aug 17, 2017",0.160787,0.161001,0.155909,0.157498,"56,084,300","6,039,078,409"
ripple,"Aug 16, 2017",0.161238,0.161726,0.153087,0.160431,"107,920,000","6,151,540,897"
ripple,"Aug 15, 2017",0.169790,0.169790,0.158244,0.161221,"100,614,000","6,181,832,532"
ripple,"Aug 14, 2017",0.168376,0.180054,0.165289,0.169991,"84,388,304","6,518,108,026"
ripple,"Aug 13, 2017",0.173545,0.174147,0.162625,0.168092,"110,199,000","6,446,772,326"
ripple,"Aug 12, 2017",0.179221,0.182599,0.173242,0.173853,"65,229,300","6,667,721,897"
ripple,"Aug 11, 2017",0.180175,0.182631,0.177627,0.179307,"54,059,700","6,876,897,208"
ripple,"Aug 10, 2017",0.183168,0.183500,0.180013,0.180399,"48,162,800","6,918,778,293"
ripple,"Aug 09, 2017",0.192527,0.192914,0.180629,0.182947,"97,805,400","7,014,890,841"
ripple,"Aug 08, 2017",0.179602,0.194391,0.178487,0.192586,"180,028,000","7,384,487,133"
ripple,"Aug 07, 2017",0.179716,0.181847,0.177605,0.179021,"58,052,100","6,864,352,918"
ripple,"Aug 06, 2017",0.185398,0.189486,0.180298,0.180444,"74,161,600","6,918,916,205"
ripple,"Aug 05, 2017",0.173865,0.187844,0.173267,0.184737,"114,270,000","7,083,526,318"
ripple,"Aug 04, 2017",0.174555,0.176053,0.172224,0.173743,"45,170,000","6,661,974,120"
ripple,"Aug 03, 2017",0.173218,0.175969,0.171730,0.174612,"31,479,000","6,695,294,919"
ripple,"Aug 02, 2017",0.177531,0.179655,0.171618,0.173113,"53,441,400","6,635,956,326"
ripple,"Aug 01, 2017",0.168024,0.178332,0.166124,0.177053,"119,957,000","6,786,988,703"
ripple,"Jul 31, 2017",0.165050,0.169535,0.162002,0.167386,"57,273,800","6,416,422,716"
ripple,"Jul 30, 2017",0.169494,0.170411,0.164094,0.165082,"40,621,700","6,328,103,275"
ripple,"Jul 29, 2017",0.165218,0.171566,0.155475,0.169871,"80,897,000","6,511,680,446"
ripple,"Jul 28, 2017",0.173211,0.174078,0.162183,0.165937,"74,649,800","6,360,878,067"
ripple,"Jul 27, 2017",0.175210,0.176602,0.171980,0.173457,"34,575,100","6,649,142,909"
ripple,"Jul 26, 2017",0.177582,0.180872,0.169060,0.173822,"76,584,600","6,662,995,240"
ripple,"Jul 25, 2017",0.192280,0.192734,0.169797,0.178104,"166,807,008","6,827,134,104"
ripple,"Jul 24, 2017",0.194979,0.195279,0.189835,0.192002,"56,632,800","7,359,876,265"
ripple,"Jul 23, 2017",0.193568,0.204121,0.188722,0.195058,"195,682,000","7,469,041,520"
ripple,"Jul 22, 2017",0.182168,0.195009,0.181447,0.193320,"83,913,800","7,402,491,088"
ripple,"Jul 21, 2017",0.189430,0.190708,0.181098,0.182608,"104,722,000","6,992,313,742"
ripple,"Jul 20, 2017",0.170017,0.192918,0.167718,0.188295,"183,292,000","7,210,076,864"
ripple,"Jul 19, 2017",0.188498,0.188533,0.158188,0.168388,"147,778,000","6,447,810,207"
ripple,"Jul 18, 2017",0.179668,0.195807,0.165966,0.188718,"295,840,992","7,226,274,121"
ripple,"Jul 17, 2017",0.150146,0.179604,0.141425,0.177889,"312,684,992","6,811,616,683"
ripple,"Jul 16, 2017",0.169480,0.172575,0.119770,0.148056,"257,944,000","5,669,269,711"
ripple,"Jul 15, 2017",0.190976,0.191167,0.167118,0.170589,"131,779,000","6,532,089,552"
ripple,"Jul 14, 2017",0.200819,0.201156,0.183369,0.190769,"97,037,600","7,304,809,757"
ripple,"Jul 13, 2017",0.205873,0.230452,0.193357,0.200809,"216,750,000","7,689,255,291"
ripple,"Jul 12, 2017",0.184198,0.205898,0.177162,0.205354,"153,023,008","7,863,289,648"
ripple,"Jul 11, 2017",0.196415,0.203320,0.168265,0.185019,"271,415,008","7,084,634,278"
ripple,"Jul 10, 2017",0.234067,0.234067,0.185418,0.203165,"119,367,000","7,779,469,800"
ripple,"Jul 09, 2017",0.236884,0.248501,0.233416,0.233416,"82,755,000","8,937,822,572"
ripple,"Jul 08, 2017",0.239741,0.239741,0.221769,0.236134,"124,578,000","9,041,898,564"
ripple,"Jul 07, 2017",0.254858,0.255431,0.238892,0.239480,"88,408,000","9,170,021,548"
ripple,"Jul 06, 2017",0.256374,0.257148,0.253303,0.254641,"43,845,800","9,750,557,278"
ripple,"Jul 05, 2017",0.255125,0.261713,0.254275,0.256523,"73,292,096","9,822,621,670"
ripple,"Jul 04, 2017",0.259841,0.262258,0.254387,0.254709,"56,008,900","9,753,161,093"
ripple,"Jul 03, 2017",0.258977,0.262354,0.255666,0.259959,"60,367,800","9,954,190,879"
ripple,"Jul 02, 2017",0.254512,0.259951,0.250944,0.259449,"54,095,000","9,934,662,271"
ripple,"Jul 01, 2017",0.262855,0.263053,0.252966,0.254744,"53,611,000","9,754,501,291"
ripple,"Jun 30, 2017",0.266060,0.269160,0.262242,0.262930,"67,764,496","10,067,954,592"
ripple,"Jun 29, 2017",0.280565,0.280873,0.264175,0.265421,"89,745,296","10,163,338,439"
ripple,"Jun 28, 2017",0.275391,0.281490,0.267840,0.280455,"126,278,000","10,739,011,163"
ripple,"Jun 27, 2017",0.277288,0.278810,0.251052,0.276306,"186,951,008","10,580,140,195"
ripple,"Jun 26, 2017",0.298770,0.301980,0.260819,0.277288,"280,100,000","10,617,742,338"
ripple,"Jun 25, 2017",0.310816,0.311157,0.289148,0.298423,"158,844,992","11,427,030,819"
ripple,"Jun 24, 2017",0.319188,0.327117,0.306487,0.311110,"313,710,016","11,912,833,655"
ripple,"Jun 23, 2017",0.297718,0.320751,0.295551,0.319978,"177,220,992","12,252,401,682"
ripple,"Jun 22, 2017",0.299886,0.305852,0.291519,0.297848,"194,551,008","11,405,013,271"
ripple,"Jun 21, 2017",0.324623,0.327760,0.283614,0.296366,"358,492,992","11,347,934,563"
ripple,"Jun 20, 2017",0.292194,0.339533,0.290147,0.324427,"793,609,984","12,422,397,868"
ripple,"Jun 19, 2017",0.283977,0.296068,0.280233,0.296068,"164,955,008","11,336,524,062"
ripple,"Jun 18, 2017",0.268085,0.289468,0.265078,0.284600,"232,512,000","10,897,411,230"
ripple,"Jun 17, 2017",0.262358,0.270717,0.258105,0.268351,"121,948,000","10,275,232,611"
ripple,"Jun 16, 2017",0.259473,0.266211,0.252408,0.262068,"88,152,400","10,034,654,836"
ripple,"Jun 15, 2017",0.278196,0.278923,0.240868,0.259266,"191,548,000","9,927,365,495"
ripple,"Jun 14, 2017",0.265823,0.307854,0.263202,0.278447,"431,096,000","10,671,865,889"
ripple,"Jun 13, 2017",0.253823,0.274659,0.252200,0.266153,"111,937,000","10,200,681,358"
ripple,"Jun 12, 2017",0.273075,0.283290,0.247476,0.253964,"149,942,000","9,733,521,096"
ripple,"Jun 11, 2017",0.259445,0.277735,0.259113,0.272759,"114,566,000","10,453,865,432"
ripple,"Jun 10, 2017",0.285806,0.288991,0.257879,0.260874,"156,720,992","9,998,356,391"
ripple,"Jun 09, 2017",0.289695,0.299493,0.285884,0.286019,"102,482,000","10,962,073,248"
ripple,"Jun 08, 2017",0.280902,0.298570,0.276441,0.289678,"103,152,000","11,115,200,953"
ripple,"Jun 07, 2017",0.284677,0.298379,0.278874,0.279783,"145,839,008","10,805,693,394"
ripple,"Jun 06, 2017",0.294028,0.294537,0.276248,0.284548,"132,720,000","10,989,725,765"
ripple,"Jun 05, 2017",0.299862,0.302394,0.284600,0.294003,"78,433,504","11,354,893,881"
ripple,"Jun 04, 2017",0.298386,0.313944,0.277185,0.299413,"153,488,000","11,563,837,246"
ripple,"Jun 03, 2017",0.300460,0.310863,0.277563,0.294580,"155,454,000","11,377,178,599"
ripple,"Jun 02, 2017",0.333645,0.335809,0.290710,0.303448,"293,676,992","11,719,675,781"
ripple,"Jun 01, 2017",0.243946,0.336797,0.243946,0.333657,"588,819,008","12,886,398,533"
ripple,"May 31, 2017",0.205360,0.247677,0.193839,0.246590,"160,620,000","9,431,903,616"
ripple,"May 30, 2017",0.232191,0.237367,0.205324,0.205324,"92,808,704","7,853,506,542"
ripple,"May 29, 2017",0.227189,0.242820,0.214777,0.232070,"86,555,600","8,876,523,266"
ripple,"May 28, 2017",0.212887,0.242395,0.204652,0.229554,"122,253,000","8,780,287,938"
ripple,"May 27, 2017",0.272697,0.283363,0.162345,0.212549,"255,532,000","8,129,857,990"
ripple,"May 26, 2017",0.245083,0.327812,0.245083,0.271808,"253,935,008","10,396,475,356"
ripple,"May 25, 2017",0.291834,0.303467,0.238308,0.246065,"237,804,992","9,411,822,715"
ripple,"May 24, 2017",0.325054,0.357358,0.293009,0.295890,"166,168,000","11,401,392,713"
ripple,"May 23, 2017",0.313347,0.354014,0.291893,0.323368,"153,050,000","12,460,189,796"
ripple,"May 22, 2017",0.338403,0.345412,0.270091,0.317954,"265,699,008","12,251,574,635"
ripple,"May 21, 2017",0.353164,0.367636,0.332222,0.336201,"129,765,000","12,954,677,858"
ripple,"May 20, 2017",0.328631,0.370361,0.303941,0.351634,"237,792,000","13,549,350,520"
ripple,"May 19, 2017",0.363505,0.363505,0.300794,0.327801,"269,894,016","12,631,004,538"
ripple,"May 18, 2017",0.394931,0.408012,0.331116,0.364869,"237,644,000","14,059,328,662"
ripple,"May 17, 2017",0.355124,0.435170,0.326358,0.394132,"470,974,016","15,097,570,678"
ripple,"May 16, 2017",0.269824,0.349861,0.269824,0.349861,"440,881,984","13,401,731,336"
ripple,"May 15, 2017",0.220069,0.270720,0.220069,0.270720,"223,923,008","10,370,166,173"
ripple,"May 14, 2017",0.215179,0.223486,0.211186,0.220223,"69,732,000","8,435,834,460"
ripple,"May 13, 2017",0.206697,0.223602,0.186980,0.214878,"117,101,000","8,231,089,564"
ripple,"May 12, 2017",0.182760,0.209535,0.180984,0.206068,"123,635,000","7,893,614,816"
ripple,"May 11, 2017",0.185035,0.194828,0.162431,0.183135,"103,699,000","7,015,146,210"
ripple,"May 10, 2017",0.158471,0.201207,0.156363,0.186066,"138,792,000","7,062,242,804"
ripple,"May 09, 2017",0.199198,0.216890,0.134406,0.160074,"214,002,000","6,075,701,389"
ripple,"May 08, 2017",0.141620,0.237587,0.135105,0.198212,"402,611,008","7,523,251,269"
ripple,"May 07, 2017",0.101929,0.148274,0.098938,0.141763,"249,028,992","5,380,696,778"
ripple,"May 06, 2017",0.093429,0.106144,0.093429,0.101791,"88,394,200","3,863,536,365"
ripple,"May 05, 2017",0.080229,0.106935,0.078704,0.093551,"184,430,000","3,550,763,414"
ripple,"May 04, 2017",0.061062,0.085499,0.059283,0.078914,"153,374,000","2,995,241,761"
ripple,"May 03, 2017",0.053905,0.061435,0.052283,0.060490,"42,869,000","2,291,657,723"
ripple,"May 02, 2017",0.054646,0.055639,0.050710,0.053908,"33,814,700","2,042,306,875"
ripple,"May 01, 2017",0.051580,0.057779,0.049317,0.055115,"61,730,100","2,088,015,009"
ripple,"Apr 30, 2017",0.052807,0.054646,0.049574,0.051607,"41,974,200","1,955,141,293"
ripple,"Apr 29, 2017",0.044558,0.057719,0.044558,0.052868,"114,359,000","2,002,906,577"
ripple,"Apr 28, 2017",0.034843,0.045111,0.034784,0.044475,"81,121,600","1,684,931,017"
ripple,"Apr 27, 2017",0.032827,0.035377,0.032157,0.034816,"16,661,600","1,319,000,749"
ripple,"Apr 26, 2017",0.032390,0.033509,0.032183,0.032797,"11,921,700","1,242,504,322"
ripple,"Apr 25, 2017",0.031409,0.033826,0.031297,0.032346,"13,469,200","1,225,440,952"
ripple,"Apr 24, 2017",0.031236,0.031436,0.030739,0.031384,"6,333,250","1,188,991,865"
ripple,"Apr 23, 2017",0.031878,0.031974,0.030742,0.031278,"4,976,320","1,184,979,852"
ripple,"Apr 22, 2017",0.033122,0.033279,0.031422,0.031770,"9,020,550","1,203,588,927"
ripple,"Apr 21, 2017",0.029727,0.034044,0.029216,0.032779,"28,245,700","1,241,848,913"
ripple,"Apr 20, 2017",0.030259,0.030611,0.027493,0.029984,"25,650,400","1,135,930,239"
ripple,"Apr 19, 2017",0.033181,0.033387,0.029687,0.030173,"13,265,600","1,132,470,540"
ripple,"Apr 18, 2017",0.033638,0.034021,0.032866,0.033184,"8,970,210","1,245,454,117"
ripple,"Apr 17, 2017",0.033400,0.034060,0.032955,0.033655,"7,933,260","1,263,146,858"
ripple,"Apr 16, 2017",0.033880,0.034002,0.033194,0.033462,"5,980,280","1,255,906,871"
ripple,"Apr 15, 2017",0.033528,0.034281,0.033276,0.033955,"4,972,610","1,274,421,570"
ripple,"Apr 14, 2017",0.034262,0.035127,0.032986,0.033779,"8,869,300","1,267,808,374"
ripple,"Apr 13, 2017",0.034459,0.035574,0.033461,0.034383,"15,872,400","1,290,474,148"
ripple,"Apr 12, 2017",0.033002,0.034794,0.032477,0.034336,"13,437,000","1,288,159,076"
ripple,"Apr 11, 2017",0.033677,0.034576,0.032035,0.032952,"11,301,000","1,236,217,783"
ripple,"Apr 10, 2017",0.034123,0.035091,0.032806,0.033598,"12,012,700","1,260,475,812"
ripple,"Apr 09, 2017",0.035799,0.035799,0.032327,0.034020,"15,695,600","1,276,311,434"
ripple,"Apr 08, 2017",0.036355,0.036895,0.034932,0.035849,"14,782,600","1,344,932,467"
ripple,"Apr 07, 2017",0.032740,0.036935,0.030789,0.036320,"36,825,000","1,362,572,623"
ripple,"Apr 06, 2017",0.035672,0.036843,0.029463,0.032665,"48,264,600","1,225,461,865"
ripple,"Apr 05, 2017",0.037386,0.040178,0.035214,0.035544,"42,360,300","1,333,433,170"
ripple,"Apr 04, 2017",0.033032,0.040702,0.028324,0.037455,"78,538,096","1,405,100,818"
ripple,"Apr 03, 2017",0.060291,0.061594,0.027447,0.033023,"155,550,000","1,238,821,670"
ripple,"Apr 02, 2017",0.021938,0.071441,0.021696,0.061159,"230,622,000","2,294,347,627"
ripple,"Apr 01, 2017",0.021743,0.022798,0.019664,0.021892,"30,657,700","818,500,435"
ripple,"Mar 31, 2017",0.013049,0.021776,0.013049,0.020889,"72,699,400","781,029,219"
ripple,"Mar 30, 2017",0.010125,0.014126,0.010125,0.013276,"19,821,800","496,357,149"
ripple,"Mar 29, 2017",0.009526,0.010101,0.009520,0.010101,"3,344,230","377,677,110"
ripple,"Mar 28, 2017",0.009568,0.009644,0.009280,0.009514,"3,111,280","355,714,086"
ripple,"Mar 27, 2017",0.009482,0.010053,0.009155,0.009597,"6,336,150","358,830,082"
ripple,"Mar 26, 2017",0.009159,0.009840,0.009079,0.009545,"5,475,230","356,889,221"
ripple,"Mar 25, 2017",0.010502,0.010711,0.009040,0.009116,"11,334,900","340,825,428"
ripple,"Mar 24, 2017",0.010528,0.010825,0.009135,0.010518,"24,493,700","393,260,829"
ripple,"Mar 23, 2017",0.007284,0.010582,0.007258,0.010582,"12,315,100","395,649,983"
ripple,"Mar 22, 2017",0.006908,0.007460,0.006882,0.007301,"4,652,530","272,603,337"
ripple,"Mar 21, 2017",0.006996,0.007075,0.006792,0.006909,"3,021,440","257,975,383"
ripple,"Mar 20, 2017",0.006915,0.007112,0.006761,0.006975,"3,423,710","260,445,300"
ripple,"Mar 19, 2017",0.006736,0.007198,0.006556,0.006912,"4,241,970","258,098,226"
ripple,"Mar 18, 2017",0.006137,0.007396,0.006118,0.006710,"7,223,300","250,547,339"
ripple,"Mar 17, 2017",0.006406,0.006406,0.005970,0.006116,"3,442,010","228,362,151"
ripple,"Mar 16, 2017",0.006319,0.006409,0.006213,0.006394,"3,860,210","238,733,559"
ripple,"Mar 15, 2017",0.006370,0.006500,0.006301,0.006314,"1,376,090","235,454,225"
ripple,"Mar 14, 2017",0.006346,0.006406,0.006277,0.006381,"1,358,830","237,960,156"
ripple,"Mar 13, 2017",0.006271,0.006429,0.006156,0.006385,"2,561,890","238,098,132"
ripple,"Mar 12, 2017",0.006214,0.006313,0.006086,0.006255,"1,531,030","233,249,975"
ripple,"Mar 11, 2017",0.006229,0.006383,0.006130,0.006238,"1,818,590","232,626,476"
ripple,"Mar 10, 2017",0.006503,0.006546,0.006050,0.006227,"3,144,440","232,222,991"
ripple,"Mar 09, 2017",0.006485,0.006606,0.006423,0.006498,"2,064,660","242,319,059"
ripple,"Mar 08, 2017",0.006551,0.006776,0.006363,0.006509,"3,432,500","243,479,929"
ripple,"Mar 07, 2017",0.006057,0.006577,0.005974,0.006534,"2,901,920","244,428,566"
ripple,"Mar 06, 2017",0.006129,0.006221,0.006047,0.006057,"1,023,500","226,571,294"
ripple,"Mar 05, 2017",0.006290,0.006389,0.006129,0.006129,"1,044,760","229,273,937"
ripple,"Mar 04, 2017",0.006354,0.006497,0.006278,0.006299,"1,372,440","235,639,831"
ripple,"Mar 03, 2017",0.005988,0.006346,0.005968,0.006339,"2,703,850","237,138,723"
ripple,"Mar 02, 2017",0.005419,0.006217,0.005408,0.005991,"3,811,500","224,099,076"
ripple,"Mar 01, 2017",0.005525,0.005547,0.005372,0.005408,"1,630,460","200,868,980"
ripple,"Feb 28, 2017",0.005608,0.005631,0.005438,0.005536,"1,693,350","205,616,367"
ripple,"Feb 27, 2017",0.005665,0.005696,0.005608,0.005609,"641,126","208,327,144"
ripple,"Feb 26, 2017",0.005664,0.005733,0.005651,0.005671,"258,373","210,650,136"
ripple,"Feb 25, 2017",0.005700,0.005743,0.005628,0.005665,"684,577","210,432,471"
ripple,"Feb 24, 2017",0.005883,0.005919,0.005644,0.005701,"1,343,690","211,743,658"
ripple,"Feb 23, 2017",0.005856,0.005943,0.005798,0.005895,"750,533","218,956,299"
ripple,"Feb 22, 2017",0.005849,0.005887,0.005817,0.005860,"500,712","217,065,184"
ripple,"Feb 21, 2017",0.005871,0.005909,0.005735,0.005832,"653,081","216,037,936"
ripple,"Feb 20, 2017",0.005879,0.005949,0.005740,0.005873,"880,117","217,573,065"
ripple,"Feb 19, 2017",0.005589,0.005892,0.005570,0.005878,"896,856","217,744,953"
ripple,"Feb 18, 2017",0.005949,0.006014,0.005427,0.005569,"1,866,850","206,294,830"
ripple,"Feb 17, 2017",0.005939,0.006095,0.005872,0.005935,"1,160,600","219,877,982"
ripple,"Feb 16, 2017",0.006138,0.006244,0.005988,0.006027,"1,355,840","223,279,049"
ripple,"Feb 15, 2017",0.006279,0.006302,0.006095,0.006147,"813,299","227,727,196"
ripple,"Feb 14, 2017",0.006240,0.006352,0.006240,0.006278,"671,150","232,582,623"
ripple,"Feb 13, 2017",0.006267,0.006338,0.006228,0.006251,"462,843","231,580,939"
ripple,"Feb 12, 2017",0.006328,0.006364,0.006269,0.006269,"230,479","232,223,661"
ripple,"Feb 11, 2017",0.006290,0.006395,0.006273,0.006333,"334,607","234,593,030"
ripple,"Feb 10, 2017",0.006367,0.006700,0.006192,0.006289,"808,768","232,977,147"
ripple,"Feb 09, 2017",0.006433,0.006484,0.006193,0.006374,"1,700,680","236,118,153"
ripple,"Feb 08, 2017",0.006407,0.007833,0.006402,0.006438,"860,217","237,281,127"
ripple,"Feb 07, 2017",0.006437,0.006509,0.006378,0.006407,"945,440","236,127,887"
ripple,"Feb 06, 2017",0.006439,0.006494,0.006397,0.006450,"386,766","237,707,557"
ripple,"Feb 05, 2017",0.006494,0.006563,0.006403,0.006442,"367,001","237,439,242"
ripple,"Feb 04, 2017",0.006487,0.006528,0.006429,0.006492,"314,187","239,277,644"
ripple,"Feb 03, 2017",0.006466,0.006510,0.006401,0.006474,"548,263","238,606,119"
ripple,"Feb 02, 2017",0.006540,0.006630,0.006381,0.006469,"670,888","238,429,576"
ripple,"Feb 01, 2017",0.006311,0.006642,0.006249,0.006540,"1,836,820","241,024,345"
ripple,"Jan 31, 2017",0.006390,0.006411,0.006297,0.006314,"661,444","232,723,519"
ripple,"Jan 30, 2017",0.006402,0.006468,0.006353,0.006381,"391,822","235,163,421"
ripple,"Jan 29, 2017",0.006356,0.006493,0.006287,0.006402,"325,176","235,949,571"
ripple,"Jan 28, 2017",0.006409,0.006419,0.006323,0.006342,"241,491","233,731,913"
ripple,"Jan 27, 2017",0.006686,0.006815,0.006331,0.006415,"924,745","236,445,291"
ripple,"Jan 26, 2017",0.006511,0.007073,0.006425,0.006690,"1,446,950","246,557,247"
ripple,"Jan 25, 2017",0.006527,0.006594,0.006490,0.006513,"522,497","240,038,824"
ripple,"Jan 24, 2017",0.006708,0.006718,0.006534,0.006540,"509,262","241,037,252"
ripple,"Jan 23, 2017",0.006718,0.006735,0.006662,0.006697,"309,838","246,835,064"
ripple,"Jan 22, 2017",0.006706,0.006759,0.006653,0.006713,"362,422","247,414,439"
ripple,"Jan 21, 2017",0.006694,0.006824,0.006678,0.006706,"553,724","247,138,388"
ripple,"Jan 20, 2017",0.007032,0.007160,0.006610,0.006675,"620,052","246,023,864"
ripple,"Jan 19, 2017",0.006713,0.007040,0.006671,0.007034,"760,684","259,231,566"
ripple,"Jan 18, 2017",0.006790,0.007125,0.006659,0.006709,"1,342,730","246,714,248"
ripple,"Jan 17, 2017",0.006772,0.006848,0.006612,0.006800,"1,842,150","250,063,012"
ripple,"Jan 16, 2017",0.006747,0.006836,0.006717,0.006788,"699,284","249,604,106"
ripple,"Jan 15, 2017",0.006867,0.006925,0.006726,0.006726,"780,822","247,328,329"
ripple,"Jan 14, 2017",0.006610,0.006872,0.006585,0.006863,"1,307,810","252,379,605"
ripple,"Jan 13, 2017",0.006434,0.006664,0.006396,0.006596,"2,059,340","242,560,559"
ripple,"Jan 12, 2017",0.006417,0.006851,0.006351,0.006423,"5,013,190","236,179,631"
ripple,"Jan 11, 2017",0.006708,0.006721,0.006312,0.006411,"3,436,270","232,965,876"
ripple,"Jan 10, 2017",0.006157,0.006815,0.006148,0.006698,"2,510,530","243,404,745"
ripple,"Jan 09, 2017",0.006239,0.006294,0.006127,0.006167,"702,255","224,080,102"
ripple,"Jan 08, 2017",0.006383,0.006383,0.006232,0.006233,"554,133","226,499,134"
ripple,"Jan 07, 2017",0.006351,0.006404,0.006133,0.006366,"1,351,030","231,335,019"
ripple,"Jan 06, 2017",0.006197,0.006394,0.006109,0.006315,"1,746,150","229,462,513"
ripple,"Jan 05, 2017",0.006572,0.006580,0.006031,0.006201,"4,058,170","225,333,042"
ripple,"Jan 04, 2017",0.006385,0.006656,0.006385,0.006570,"1,642,730","238,734,599"
ripple,"Jan 03, 2017",0.006290,0.006392,0.006278,0.006386,"1,014,830","232,046,355"
ripple,"Jan 02, 2017",0.006386,0.006437,0.006281,0.006311,"1,046,250","229,312,700"
ripple,"Jan 01, 2017",0.006523,0.006702,0.006334,0.006368,"418,978","231,408,636"
ripple,"Dec 31, 2016",0.006417,0.006538,0.006387,0.006449,"272,884","234,334,879"
ripple,"Dec 30, 2016",0.006352,0.006455,0.006338,0.006426,"1,379,470","233,518,379"
ripple,"Dec 29, 2016",0.006180,0.006354,0.006167,0.006341,"1,345,050","230,400,639"
ripple,"Dec 28, 2016",0.006193,0.006336,0.006126,0.006173,"2,064,130","222,244,080"
ripple,"Dec 27, 2016",0.006326,0.006326,0.006188,0.006199,"2,471,000","223,193,135"
ripple,"Dec 26, 2016",0.006443,0.006481,0.006323,0.006326,"1,640,840","227,749,030"
ripple,"Dec 25, 2016",0.006350,0.006453,0.006334,0.006444,"2,188,780","232,006,456"
ripple,"Dec 24, 2016",0.006275,0.006371,0.006234,0.006349,"2,495,670","228,603,756"
ripple,"Dec 23, 2016",0.006362,0.006436,0.006281,0.006286,"3,514,540","226,316,807"
ripple,"Dec 22, 2016",0.006452,0.006466,0.006324,0.006363,"2,897,110","229,098,085"
ripple,"Dec 21, 2016",0.006498,0.006498,0.006417,0.006445,"2,300,840","230,703,575"
ripple,"Dec 20, 2016",0.006540,0.006543,0.006481,0.006500,"2,284,690","232,649,010"
ripple,"Dec 19, 2016",0.006582,0.006582,0.006534,0.006545,"1,109,670","234,261,556"
ripple,"Dec 18, 2016",0.006541,0.006580,0.006533,0.006574,"1,194,400","235,319,644"
ripple,"Dec 17, 2016",0.006704,0.006711,0.006535,0.006541,"1,838,990","234,116,946"
ripple,"Dec 16, 2016",0.006662,0.006791,0.006661,0.006710,"2,575,390","240,187,706"
ripple,"Dec 15, 2016",0.006699,0.006699,0.006606,0.006662,"1,050,570","238,465,987"
ripple,"Dec 14, 2016",0.006704,0.006753,0.006690,0.006705,"2,002,770","241,329,460"
ripple,"Dec 13, 2016",0.006780,0.006781,0.006678,0.006708,"1,946,660","241,460,120"
ripple,"Dec 12, 2016",0.006744,0.006809,0.006743,0.006778,"1,449,640","243,965,345"
ripple,"Dec 11, 2016",0.006816,0.006998,0.006731,0.006744,"978,511","242,740,088"
ripple,"Dec 10, 2016",0.007138,0.007145,0.006816,0.006816,"1,297,860","245,331,700"
ripple,"Dec 09, 2016",0.007091,0.007162,0.007007,0.007135,"2,421,860","256,809,661"
ripple,"Dec 08, 2016",0.006849,0.007156,0.006829,0.007097,"2,789,540","255,463,823"
ripple,"Dec 07, 2016",0.006653,0.006851,0.006565,0.006851,"2,805,260","246,553,161"
ripple,"Dec 06, 2016",0.006435,0.006655,0.006417,0.006655,"1,396,500","239,510,358"
ripple,"Dec 05, 2016",0.006525,0.006761,0.006419,0.006434,"867,666","231,528,275"
ripple,"Dec 04, 2016",0.006592,0.006595,0.006519,0.006527,"1,167,110","234,887,732"
ripple,"Dec 03, 2016",0.006712,0.006890,0.006588,0.006588,"1,213,480","237,099,899"
ripple,"Dec 02, 2016",0.006707,0.006906,0.006615,0.006660,"1,756,030","239,694,615"
ripple,"Dec 01, 2016",0.006723,0.006737,0.006702,0.006702,"1,142,000","241,195,305"
ripple,"Nov 30, 2016",0.006779,0.006784,0.006720,0.006723,"1,495,310","241,184,506"
ripple,"Nov 29, 2016",0.007009,0.007042,0.006780,0.006780,"1,551,670","243,251,358"
ripple,"Nov 28, 2016",0.007082,0.007114,0.006947,0.007008,"1,818,750","251,422,257"
ripple,"Nov 27, 2016",0.007385,0.007499,0.007070,0.007074,"525,140","253,777,557"
ripple,"Nov 26, 2016",0.006895,0.007390,0.006847,0.007390,"560,816","265,121,385"
ripple,"Nov 25, 2016",0.006948,0.006979,0.006888,0.006902,"995,869","247,621,847"
ripple,"Nov 24, 2016",0.007062,0.007069,0.006945,0.006950,"1,845,880","249,325,628"
ripple,"Nov 23, 2016",0.007434,0.007435,0.007035,0.007061,"3,730,650","253,252,040"
ripple,"Nov 22, 2016",0.007567,0.007567,0.007431,0.007434,"2,400,100","266,617,526"
ripple,"Nov 21, 2016",0.007649,0.007651,0.007566,0.007566,"2,594,010","271,366,065"
ripple,"Nov 20, 2016",0.007799,0.007806,0.007626,0.007651,"1,875,290","274,408,501"
ripple,"Nov 19, 2016",0.007778,0.007809,0.007753,0.007799,"1,296,770","279,719,046"
ripple,"Nov 18, 2016",0.007722,0.007778,0.007709,0.007778,"2,487,390","278,954,043"
ripple,"Nov 17, 2016",0.007851,0.007867,0.007721,0.007727,"2,401,030","277,116,674"
ripple,"Nov 16, 2016",0.007888,0.007944,0.007842,0.007842,"2,905,840","280,456,216"
ripple,"Nov 15, 2016",0.008099,0.008115,0.007876,0.007881,"3,078,090","281,847,837"
ripple,"Nov 14, 2016",0.008255,0.008308,0.008059,0.008098,"1,283,330","289,608,871"
ripple,"Nov 13, 2016",0.008039,0.008258,0.007968,0.008257,"2,201,990","295,328,431"
ripple,"Nov 12, 2016",0.008061,0.008105,0.008019,0.008044,"1,708,000","287,694,006"
ripple,"Nov 11, 2016",0.008131,0.008146,0.008058,0.008065,"2,039,200","288,449,723"
ripple,"Nov 10, 2016",0.008081,0.008138,0.008043,0.008136,"2,600,650","290,984,040"
ripple,"Nov 09, 2016",0.008205,0.008222,0.008074,0.008079,"3,575,540","288,005,742"
ripple,"Nov 08, 2016",0.008111,0.008246,0.008108,0.008206,"2,477,080","292,550,350"
ripple,"Nov 07, 2016",0.008197,0.008197,0.008088,0.008108,"2,308,500","289,062,752"
ripple,"Nov 06, 2016",0.008230,0.008277,0.008187,0.008193,"784,787","292,091,183"
ripple,"Nov 05, 2016",0.008157,0.008261,0.008155,0.008230,"967,011","293,413,782"
ripple,"Nov 04, 2016",0.008015,0.008161,0.008008,0.008157,"2,707,110","290,786,409"
ripple,"Nov 03, 2016",0.008221,0.008243,0.007975,0.008021,"3,114,110","285,948,762"
ripple,"Nov 02, 2016",0.008104,0.008222,0.008088,0.008222,"1,739,300","292,147,928"
ripple,"Nov 01, 2016",0.008197,0.008259,0.008083,0.008102,"1,875,440","287,884,553"
ripple,"Oct 31, 2016",0.008014,0.008261,0.008014,0.008196,"2,515,480","291,210,973"
ripple,"Oct 30, 2016",0.007738,0.008018,0.007716,0.008014,"2,071,780","284,757,107"
ripple,"Oct 29, 2016",0.008157,0.008162,0.007674,0.007732,"3,471,390","274,737,698"
ripple,"Oct 28, 2016",0.008483,0.008492,0.008081,0.008143,"3,881,320","289,334,577"
ripple,"Oct 27, 2016",0.008833,0.008849,0.008468,0.008481,"4,302,920","301,323,830"
ripple,"Oct 26, 2016",0.008884,0.008944,0.008815,0.008835,"2,969,280","313,525,877"
ripple,"Oct 25, 2016",0.009065,0.009135,0.008882,0.008891,"2,780,690","315,518,182"
ripple,"Oct 24, 2016",0.009432,0.009485,0.009054,0.009065,"1,717,690","321,697,382"
ripple,"Oct 23, 2016",0.008977,0.009454,0.008915,0.009454,"974,189","335,501,923"
ripple,"Oct 22, 2016",0.009027,0.009081,0.008864,0.008972,"1,649,580","318,415,081"
ripple,"Oct 21, 2016",0.009090,0.009128,0.008856,0.009029,"4,055,710","320,429,035"
ripple,"Oct 20, 2016",0.008636,0.009124,0.008620,0.009092,"5,895,540","322,653,788"
ripple,"Oct 19, 2016",0.008348,0.008637,0.008318,0.008627,"3,360,180","306,053,399"
ripple,"Oct 18, 2016",0.008032,0.008350,0.008026,0.008350,"3,782,990","296,223,772"
ripple,"Oct 17, 2016",0.008079,0.008144,0.008011,0.008030,"2,485,290","284,885,360"
ripple,"Oct 16, 2016",0.008137,0.008230,0.008055,0.008078,"608,355","286,570,104"
ripple,"Oct 15, 2016",0.008769,0.008885,0.008130,0.008146,"781,979","288,973,588"
ripple,"Oct 14, 2016",0.007980,0.008960,0.007970,0.008767,"1,915,430","311,016,814"
ripple,"Oct 13, 2016",0.007951,0.007984,0.007867,0.007982,"1,009,720","283,150,594"
ripple,"Oct 12, 2016",0.008208,0.008507,0.007934,0.007949,"2,943,130","281,990,055"
ripple,"Oct 11, 2016",0.007993,0.008324,0.007905,0.008234,"4,003,630","292,120,171"
ripple,"Oct 10, 2016",0.007542,0.008105,0.007542,0.007978,"6,150,610","283,038,010"
ripple,"Oct 09, 2016",0.007310,0.007563,0.007299,0.007543,"3,390,900","267,594,684"
ripple,"Oct 08, 2016",0.007371,0.007377,0.007260,0.007310,"2,019,560","259,344,432"
ripple,"Oct 07, 2016",0.007377,0.007459,0.007350,0.007377,"3,042,600","261,687,609"
ripple,"Oct 06, 2016",0.007429,0.007460,0.007321,0.007382,"2,826,190","261,893,013"
ripple,"Oct 05, 2016",0.007873,0.007895,0.007407,0.007435,"4,840,340","263,742,834"
ripple,"Oct 04, 2016",0.008115,0.008132,0.007853,0.007853,"2,642,950","278,579,626"
ripple,"Oct 03, 2016",0.008165,0.008241,0.008065,0.008089,"2,776,300","286,966,317"
ripple,"Oct 02, 2016",0.008197,0.008316,0.008084,0.008165,"2,072,840","289,655,692"
ripple,"Oct 01, 2016",0.008839,0.008848,0.008186,0.008205,"5,895,530","291,065,121"
ripple,"Sep 30, 2016",0.008910,0.009240,0.008789,0.008830,"7,561,150","313,257,340"
ripple,"Sep 29, 2016",0.009065,0.009090,0.008707,0.008914,"5,974,090","316,225,905"
ripple,"Sep 28, 2016",0.008220,0.009082,0.008220,0.009048,"7,558,520","320,824,517"
ripple,"Sep 27, 2016",0.007959,0.008306,0.007919,0.008229,"6,131,430","291,797,037"
ripple,"Sep 26, 2016",0.007872,0.008593,0.007847,0.007963,"9,102,940","282,365,048"
ripple,"Sep 25, 2016",0.007356,0.007986,0.007316,0.007855,"4,699,860","278,512,115"
ripple,"Sep 24, 2016",0.007234,0.007424,0.007170,0.007362,"2,170,050","261,050,169"
ripple,"Sep 23, 2016",0.006848,0.007300,0.006807,0.007211,"3,104,540","255,679,254"
ripple,"Sep 22, 2016",0.006833,0.006986,0.006809,0.006843,"1,491,330","242,632,614"
ripple,"Sep 21, 2016",0.006809,0.006908,0.006709,0.006829,"1,719,470","242,135,483"
ripple,"Sep 20, 2016",0.006865,0.006911,0.006748,0.006785,"1,365,440","240,590,585"
ripple,"Sep 19, 2016",0.006855,0.007178,0.006795,0.006858,"2,930,120","243,179,716"
ripple,"Sep 18, 2016",0.007017,0.007019,0.006788,0.006853,"2,231,350","242,976,897"
ripple,"Sep 17, 2016",0.007391,0.007535,0.006998,0.007018,"1,646,260","248,852,614"
ripple,"Sep 16, 2016",0.008286,0.008333,0.007200,0.007446,"12,342,800","264,017,927"
ripple,"Sep 15, 2016",0.005969,0.008765,0.005953,0.008303,"15,967,600","294,409,541"
ripple,"Sep 14, 2016",0.005888,0.006042,0.005881,0.005961,"1,048,560","210,537,259"
ripple,"Sep 13, 2016",0.005899,0.005905,0.005871,0.005886,"836,942","207,878,914"
ripple,"Sep 12, 2016",0.005844,0.005912,0.005837,0.005897,"680,932","208,277,648"
ripple,"Sep 11, 2016",0.005866,0.005895,0.005815,0.005842,"533,904","206,330,243"
ripple,"Sep 10, 2016",0.005872,0.005882,0.005859,0.005870,"310,034","207,309,243"
ripple,"Sep 09, 2016",0.005901,0.005907,0.005857,0.005869,"849,260","207,282,049"
ripple,"Sep 08, 2016",0.005892,0.005941,0.005892,0.005902,"869,389","208,429,513"
ripple,"Sep 07, 2016",0.005915,0.005925,0.005888,0.005892,"686,254","208,100,083"
ripple,"Sep 06, 2016",0.005933,0.005955,0.005900,0.005912,"773,525","208,783,816"
ripple,"Sep 05, 2016",0.005948,0.005966,0.005889,0.005932,"784,460","209,501,807"
ripple,"Sep 04, 2016",0.005964,0.006002,0.005905,0.005954,"800,373","210,268,888"
ripple,"Sep 03, 2016",0.005967,0.005992,0.005928,0.005964,"698,318","210,639,715"
ripple,"Sep 02, 2016",0.005979,0.005985,0.005959,0.005970,"583,636","210,838,195"
ripple,"Sep 01, 2016",0.006013,0.006030,0.005980,0.005984,"660,021","211,326,273"
ripple,"Aug 31, 2016",0.006036,0.006045,0.005915,0.006012,"1,169,040","213,816,293"
ripple,"Aug 30, 2016",0.006120,0.006129,0.006006,0.006026,"928,043","214,307,059"
ripple,"Aug 29, 2016",0.005961,0.006140,0.005938,0.006131,"1,527,760","218,036,878"
ripple,"Aug 28, 2016",0.005974,0.006001,0.005955,0.005963,"592,108","212,054,160"
ripple,"Aug 27, 2016",0.006018,0.006042,0.005971,0.005975,"233,262","212,477,356"
ripple,"Aug 26, 2016",0.006083,0.006097,0.006019,0.006030,"578,722","214,449,665"
ripple,"Aug 25, 2016",0.006049,0.006085,0.006028,0.006079,"716,326","216,190,105"
ripple,"Aug 24, 2016",0.006015,0.006059,0.005989,0.006052,"1,118,660","215,204,244"
ripple,"Aug 23, 2016",0.006002,0.006054,0.005960,0.006019,"979,256","214,062,702"
ripple,"Aug 22, 2016",0.006055,0.006072,0.005883,0.006000,"686,434","213,377,776"
ripple,"Aug 21, 2016",0.006116,0.006117,0.006012,0.006052,"411,952","215,211,001"
ripple,"Aug 20, 2016",0.006126,0.006148,0.006085,0.006114,"399,635","217,425,096"
ripple,"Aug 19, 2016",0.006120,0.006199,0.006093,0.006119,"1,356,390","217,618,198"
ripple,"Aug 18, 2016",0.006100,0.006123,0.006044,0.006122,"1,080,170","217,700,346"
ripple,"Aug 17, 2016",0.006144,0.006158,0.006099,0.006109,"1,352,830","217,221,264"
ripple,"Aug 16, 2016",0.006045,0.006188,0.006030,0.006140,"1,249,860","218,332,809"
ripple,"Aug 15, 2016",0.005993,0.006062,0.005969,0.006045,"488,337","214,946,616"
ripple,"Aug 14, 2016",0.006092,0.006093,0.005968,0.005994,"499,048","213,138,489"
ripple,"Aug 13, 2016",0.006119,0.006141,0.006080,0.006092,"602,600","216,632,778"
ripple,"Aug 12, 2016",0.006188,0.006189,0.006101,0.006123,"646,843","217,713,387"
ripple,"Aug 11, 2016",0.006196,0.006217,0.006162,0.006189,"407,711","220,083,687"
ripple,"Aug 10, 2016",0.006147,0.006221,0.006109,0.006194,"865,808","220,257,619"
ripple,"Aug 09, 2016",0.006027,0.006181,0.006003,0.006163,"1,105,300","219,145,368"
ripple,"Aug 08, 2016",0.006160,0.006180,0.006021,0.006027,"722,628","214,299,540"
ripple,"Aug 07, 2016",0.006337,0.006337,0.006156,0.006178,"1,303,100","219,668,424"
ripple,"Aug 06, 2016",0.006448,0.006560,0.006239,0.006337,"2,164,530","225,316,083"
ripple,"Aug 05, 2016",0.005821,0.006450,0.005813,0.006447,"697,388","229,249,140"
ripple,"Aug 04, 2016",0.005646,0.005820,0.005644,0.005816,"1,007,960","206,790,426"
ripple,"Aug 03, 2016",0.005688,0.005701,0.005630,0.005646,"1,570,660","200,710,745"
ripple,"Aug 02, 2016",0.005911,0.005933,0.005686,0.005690,"1,553,690","202,266,419"
ripple,"Aug 01, 2016",0.005942,0.005942,0.005904,0.005906,"958,956","209,968,356"
ripple,"Jul 31, 2016",0.006118,0.006122,0.005944,0.005945,"648,205","211,342,369"
ripple,"Jul 30, 2016",0.006112,0.006164,0.006107,0.006121,"442,025","217,588,528"

